url,host,wild_mode,title,author,description,image,ingredients,instructions,instructions_list,cook_time,prep_time,total_time,servings,nutrients,ratings,category,cuisine,language,site_name
https://smittenkitchen.com/./recipes/vegetable/carrots/,smittenkitchen.com,True,Carrots – smitten kitchen,,,,,,,,,,,,,,,,
https://smittenkitchen.com/2014/06/coconut-brown-butter-cookies/?share=facebook,smittenkitchen.com,True,Facebook,,,,,,,,,,,,,,,,
https://smittenkitchen.com/./recipes/sweets/cookie/,smittenkitchen.com,True,Cookie – smitten kitchen,,,,,,,,,,,,,,,,
https://smittenkitchen.com/2025/02/ziti-chickpeas-with-sausage-and-kale/,smittenkitchen.com,True,ziti chickpeas with sausage and kale – smitten kitchen,,,,,,,,,,,,,,,,
https://smittenkitchen.com/2014/06/coconut-brown-butter-cookies/#masthead,smittenkitchen.com,True,coconut brown butter cookies – smitten kitchen,,,,,,,,,,,,,,,,
https://smittenkitchen.com/2014/06/coconut-brown-butter-cookies/recipe,smittenkitchen.com,True,recipe – smitten kitchen,,,,,,,,,,,,,,,,
https://smittenkitchen.com/./recipes/ingredient/coconut/,smittenkitchen.com,True,Coconut – smitten kitchen,,,,,,,,,,,,,,,,
http://smittenkitchen.com/blog/2010/06/lamb-chops-with-pistachio-tapenade/,smittenkitchen.com,True,lamb chops with pistachio tapenade – smitten kitchen,,,,,,,,,,,,,,,,
https://smittenkitchen.com/2017/09/marbled-banana-bread/,smittenkitchen.com,True,marbled banana bread – smitten kitchen,,,,,,,,,,,,,,,,
https://smittenkitchen.com/2024/12/invisible-apple-cake/,smittenkitchen.com,True,invisible apple cake – smitten kitchen,,,,,,,,,,,,,,,,
https://smittenkitchen.com/2014/06/coconut-brown-butter-cookies/?share=pinterest,smittenkitchen.com,True,Pinterest,,,,,,,,,,,,,,,,
http://smittenkitchen.com/blog/2009/06/pesto-potato-salad-with-green-beans/,smittenkitchen.com,True,pesto potato salad with green beans – smitten kitchen,,,,,,,,,,,,,,,,
https://smittenkitchen.com/2020/09/whole-wheat-chocolate-oat-cookies/,smittenkitchen.com,True,whole wheat chocolate oat cookies – smitten kitchen,,,,,,,,,,,,,,,,
https://smittenkitchen.com/2014/06/pasta-and-fried-zucchini-salad/,smittenkitchen.com,True,pasta and fried zucchini salad – smitten kitchen,,,,,,,,,,,,,,,,
https://smittenkitchen.com/2014/06/nancys-chopped-salad/,smittenkitchen.com,True,nancy’s chopped salad – smitten kitchen,,,,,,,,,,,,,,,,
http://smittenkitchen.com/blog/2007/06/pot-bellies-black-bottoms/,smittenkitchen.com,True,black-bottom cupcakes – smitten kitchen,,,,,,,,,,,,,,,,
https://smittenkitchen.com/2014/06/coconut-brown-butter-cookies/#respond,smittenkitchen.com,True,coconut brown butter cookies – smitten kitchen,,,,,,,,,,,,,,,,
https://smittenkitchen.com/./recipes/ingredient/brown-butter/,smittenkitchen.com,True,Brown Butter – smitten kitchen,,,,,,,,,,,,,,,,
https://smittenkitchen.com/recipes,smittenkitchen.com,True,Recipe – smitten kitchen,,,,,,,,,,,,,,,,
https://smittenkitchen.com/2012/08/my-favorite-brownies/,smittenkitchen.com,True,my favorite brownies – smitten kitchen,,,,,,,,,,,,,,,,
https://smittenkitchen.com/2017/09/pizza-beans/,smittenkitchen.com,True,pizza beans – smitten kitchen,,,,,,,,,,,,,,,,
https://smittenkitchen.com/2010/08/perfect-blueberry-muffins/,smittenkitchen.com,True,perfect blueberry muffins – smitten kitchen,,,,,,,,,,,,,,,,
http://smittenkitchen.com/blog/2014/05/blue-sky-bran-muffins/,smittenkitchen.com,True,blue sky bran muffins – smitten kitchen,,,,,,,,,,,,,,,,
https://smittenkitchen.com/2014/06/coconut-brown-butter-cookies/?share=twitter,smittenkitchen.com,True,X,,,,,,,,,,,,,,,,
http://smittenkitchen.com/blog/2008/05/crispy-salted-oatmeal-white-chocolate-cookies/,smittenkitchen.com,True,crisp salted oatmeal white chocolate cookies – smitten kitchen,,,,,,,,,,,,,,,,
http://smittenkitchen.com/blog/2009/02/toasted-coconut-shortbread/,smittenkitchen.com,True,toasted coconut shortbread – smitten kitchen,,,,,,,,,,,,,,,,
http://smittenkitchen.com/blog/2009/06/lemon-mint-granita/,smittenkitchen.com,True,lemon mint granita – smitten kitchen,,,,,,,,,,,,,,,,
https://smittenkitchen.com/2009/02/toasted-coconut-shortbread/,smittenkitchen.com,True,toasted coconut shortbread – smitten kitchen,,,,,,,,,,,,,,,,
https://smittenkitchen.com/2013/10/miso-sweet-potato-and-broccoli-bowl/,smittenkitchen.com,True,miso sweet potato and broccoli bowl – smitten kitchen,,,,,,,,,,,,,,,,
https://smittenkitchen.com/2020/04/how-i-stock-the-smitten-kitchen/,smittenkitchen.com,True,how i stock the smitten kitchen – smitten kitchen,,,,,,,,,,,,,,,,
http://smittenkitchen.com/blog/2007/10/cranberry-caramel-and-almond-tart/,smittenkitchen.com,True,"cranberry, caramel and almond tart – smitten kitchen",,,,,,,,,,,,,,,,
https://smittenkitchen.com/2021/04/sheet-pan-chow-mein/,smittenkitchen.com,True,sheet pan chow mein – smitten kitchen,,,,,,,,,,,,,,,,
https://smittenkitchen.com/2014/06/coconut-brown-butter-cookies/#content,smittenkitchen.com,True,coconut brown butter cookies – smitten kitchen,,,,,,,,,,,,,,,,
https://smittenkitchen.com/2020/03/ultimate-banana-bread/,smittenkitchen.com,True,ultimate banana bread – smitten kitchen,,,,,,,,,,,,,,,,
http://smittenkitchen.com/blog/2008/06/jim-laheys-potato-pizza/,smittenkitchen.com,True,jim lahey’s potato pizza – smitten kitchen,,,,,,,,,,,,,,,,
https://smittenkitchen.com/./recipes/,smittenkitchen.com,True,Recipe – smitten kitchen,,,,,,,,,,,,,,,,
https://smittenkitchen.com/2014/02/chocolate-peanut-butter-cheesecake/,smittenkitchen.com,True,chocolate peanut butter cheesecake – smitten kitchen,,,,,,,,,,,,,,,,
https://smittenkitchen.com/recipes,smittenkitchen.com,True,Recipe – smitten kitchen,,,,,,,,,,,,,,,,
https://smittenkitchen.com/2012/08/my-favorite-brownies/,smittenkitchen.com,True,my favorite brownies – smitten kitchen,,,,,,,,,,,,,,,,
https://smittenkitchen.com/2020/04/how-i-stock-the-smitten-kitchen/,smittenkitchen.com,True,how i stock the smitten kitchen – smitten kitchen,,,,,,,,,,,,,,,,
https://smittenkitchen.com/./recipes/vegetable/potatoes/,smittenkitchen.com,True,Potatoes – smitten kitchen,,,,,,,,,,,,,,,,
https://smittenkitchen.com/2017/09/pizza-beans/,smittenkitchen.com,True,pizza beans – smitten kitchen,,,,,,,,,,,,,,,,
https://smittenkitchen.com/2025/02/ziti-chickpeas-with-sausage-and-kale/,smittenkitchen.com,True,ziti chickpeas with sausage and kale – smitten kitchen,,,,,,,,,,,,,,,,
https://smittenkitchen.com/./recipes/course/dinner/,smittenkitchen.com,True,Dinner – smitten kitchen,,,,,,,,,,,,,,,,
https://smittenkitchen.com/2022/03/castle-breakfast/,smittenkitchen.com,True,castle breakfast – smitten kitchen,,,,,,,,,,,,,,,,
https://smittenkitchen.com/2016/02/miso-black-sesame-caramel-corn/,smittenkitchen.com,True,miso black sesame caramel corn – smitten kitchen,,,,,,,,,,,,,,,,
https://smittenkitchen.com/2010/08/perfect-blueberry-muffins/,smittenkitchen.com,True,perfect blueberry muffins – smitten kitchen,,,,,,,,,,,,,,,,
https://smittenkitchen.com/2017/09/marbled-banana-bread/,smittenkitchen.com,True,marbled banana bread – smitten kitchen,,,,,,,,,,,,,,,,
https://smittenkitchen.com/2014/02/chocolate-hazelnut-linzer-hearts/,smittenkitchen.com,True,chocolate hazelnut linzer hearts – smitten kitchen,,,,,,,,,,,,,,,,
https://smittenkitchen.com/2010/02/chana-masala/,smittenkitchen.com,True,chana masala – smitten kitchen,,,,,,,,,,,,,,,,
https://smittenkitchen.com/2024/04/new-york-crumb-cake/,smittenkitchen.com,True,new york crumb cake – smitten kitchen,,,,,,,,,,,,,,,,
https://smittenkitchen.com/2024/12/invisible-apple-cake/,smittenkitchen.com,True,invisible apple cake – smitten kitchen,,,,,,,,,,,,,,,,
https://smittenkitchen.com/2017/02/small-batch-tiramisu/,smittenkitchen.com,True,small batch tiramisu – smitten kitchen,,,,,,,,,,,,,,,,
https://smittenkitchen.com/2008/02/seven-yolk-pasta-dough/,smittenkitchen.com,True,seven-yolk pasta dough – smitten kitchen,,,,,,,,,,,,,,,,
https://smittenkitchen.com/2021/04/sheet-pan-chow-mein/,smittenkitchen.com,True,sheet pan chow mein – smitten kitchen,,,,,,,,,,,,,,,,
https://smittenkitchen.com/2007/02/for-beaming-bewitching-breads/,smittenkitchen.com,True,"for beaming, bewitching breads – smitten kitchen",,,,,,,,,,,,,,,,
https://smittenkitchen.com/2020/09/whole-wheat-chocolate-oat-cookies/,smittenkitchen.com,True,whole wheat chocolate oat cookies – smitten kitchen,,,,,,,,,,,,,,,,
https://smittenkitchen.com/recipe-collection/best-of-2024/,smittenkitchen.com,True,Best of 2024 – smitten kitchen,,,,,,,,,,,,,,,,
https://smittenkitchen.com/2023/08/corn-cacio-e-pepe/,smittenkitchen.com,True,corn cacio e pepe – smitten kitchen,,,,,,,,,,,,,,,,
https://smittenkitchen.com/2024/03/turkey-meatloaf-for-skeptics/recipe,smittenkitchen.com,True,recipe – smitten kitchen,,,,,,,,,,,,,,,,
https://smittenkitchen.com/2024/03/turkey-meatloaf-for-skeptics/#content,smittenkitchen.com,True,turkey meatloaf for skeptics – smitten kitchen,,,,,,,,,,,,,,,,
https://smittenkitchen.com/2008/02/best-chocolate-pudding/,smittenkitchen.com,True,best chocolate pudding – smitten kitchen,,,,,,,,,,,,,,,,
https://smittenkitchen.com/2021/02/rigatoni-alla-vodka/,smittenkitchen.com,True,rigatoni alla vodka – smitten kitchen,,,,,,,,,,,,,,,,
https://smittenkitchen.com/2015/02/pecan-sticky-buns-news/,smittenkitchen.com,True,pecan sticky buns – smitten kitchen,,,,,,,,,,,,,,,,
https://smittenkitchen.com/2024/03/turkey-meatloaf-for-skeptics/#respond,smittenkitchen.com,True,turkey meatloaf for skeptics – smitten kitchen,,,,,,,,,,,,,,,,
https://smittenkitchen.com/./recipes/ingredient/meat/turkey/,smittenkitchen.com,True,Turkey – smitten kitchen,,,,,,,,,,,,,,,,
https://smittenkitchen.com/2024/03/weeknight-tomato-soup/,smittenkitchen.com,True,weeknight tomato soup – smitten kitchen,,,,,,,,,,,,,,,,
https://smittenkitchen.com/2009/02/crispy-black-bean-tacos-with-feta-and-slaw/,smittenkitchen.com,True,crisp black bean tacos with feta and slaw – smitten kitchen,,,,,,,,,,,,,,,,
https://smittenkitchen.com/2016/02/hot-and-sour-soup/,smittenkitchen.com,True,hot and sour soup – smitten kitchen,,,,,,,,,,,,,,,,
https://smittenkitchen.com/2012/02/lasagna-bolognese/,smittenkitchen.com,True,lasagna bolognese – smitten kitchen,,,,,,,,,,,,,,,,
https://smittenkitchen.com/2024/03/turkey-meatloaf-for-skeptics/?share=pinterest,smittenkitchen.com,True,Pinterest,,,,,,,,,,,,,,,,
https://smittenkitchen.com/./recipes/ingredient/meat/,smittenkitchen.com,True,Meat – smitten kitchen,,,,,,,,,,,,,,,,
https://smittenkitchen.com/2024/03/turkey-meatloaf-for-skeptics/?share=facebook,smittenkitchen.com,True,Facebook,,,,,,,,,,,,,,,,
https://smittenkitchen.com/2017/02/tomato-glazed-meatloaves-with-brown-butter-mashed-potatoes/,smittenkitchen.com,True,tomato-glazed meatloaves with brown butter mashed potatoes – smitten kitchen,,,,,,,,,,,,,,,,
https://smittenkitchen.com/2020/03/ultimate-banana-bread/,smittenkitchen.com,True,ultimate banana bread – smitten kitchen,,,,,,,,,,,,,,,,
https://smittenkitchen.com/2018/02/slow-roasted-sweet-potatoes/,smittenkitchen.com,True,slow-roasted sweet potatoes – smitten kitchen,,,,,,,,,,,,,,,,
https://smittenkitchen.com/2023/03/easy-freezer-waffles/,smittenkitchen.com,True,easy freezer waffles – smitten kitchen,,,,,,,,,,,,,,,,
https://smittenkitchen.com/2013/02/italian-stuffed-cabbage/,smittenkitchen.com,True,italian stuffed cabbage – smitten kitchen,,,,,,,,,,,,,,,,
https://smittenkitchen.com/2010/01/best-cocoa-brownies/,smittenkitchen.com,True,best cocoa brownies – smitten kitchen,,,,,,,,,,,,,,,,
https://smittenkitchen.com/./recipes/weeknight-favorite/,smittenkitchen.com,True,Weeknight Favorite – smitten kitchen,,,,,,,,,,,,,,,,
https://smittenkitchen.com/2013/10/miso-sweet-potato-and-broccoli-bowl/,smittenkitchen.com,True,miso sweet potato and broccoli bowl – smitten kitchen,,,,,,,,,,,,,,,,
https://smittenkitchen.com/2020/02/perfect-vegetable-lasagna/,smittenkitchen.com,True,perfect vegetable lasagna – smitten kitchen,,,,,,,,,,,,,,,,
https://smittenkitchen.com/2015/02/oven-braised-beef-with-tomatoes-and-garlic/,smittenkitchen.com,True,oven-braised beef with tomatoes and garlic – smitten kitchen,,,,,,,,,,,,,,,,
https://smittenkitchen.com/2011/02/blood-orange-olive-oil-cake/,smittenkitchen.com,True,blood orange olive oil cake – smitten kitchen,,,,,,,,,,,,,,,,
https://smittenkitchen.com/2018/02/korean-braised-short-ribs/,smittenkitchen.com,True,korean braised short ribs – smitten kitchen,,,,,,,,,,,,,,,,
https://smittenkitchen.com/2019/02/bodega-style-egg-and-cheese-sandwich/,smittenkitchen.com,True,bodega-style egg and cheese sandwich – smitten kitchen,,,,,,,,,,,,,,,,
https://smittenkitchen.com/2024/03/turkey-meatloaf-for-skeptics/#masthead,smittenkitchen.com,True,turkey meatloaf for skeptics – smitten kitchen,,,,,,,,,,,,,,,,
https://smittenkitchen.com/2019/02/chocolate-puddle-cakes/,smittenkitchen.com,True,chocolate puddle cakes – smitten kitchen,,,,,,,,,,,,,,,,
https://smittenkitchen.com/2024/03/turkey-meatloaf-for-skeptics/?share=twitter,smittenkitchen.com,True,X,,,,,,,,,,,,,,,,
https://smittenkitchen.com/recipes,smittenkitchen.com,True,Recipe – smitten kitchen,,,,,,,,,,,,,,,,
http://smittenkitchen.com/recipes/#Pizza,smittenkitchen.com,True,Recipe – smitten kitchen,,,,,,,,,,,,,,,,
https://smittenkitchen.com/2012/08/my-favorite-brownies/,smittenkitchen.com,True,my favorite brownies – smitten kitchen,,,,,,,,,,,,,,,,
https://smittenkitchen.com/2020/04/how-i-stock-the-smitten-kitchen/,smittenkitchen.com,True,how i stock the smitten kitchen – smitten kitchen,,,,,,,,,,,,,,,,
https://smittenkitchen.com/2008/08/crisp-rosemary-flatbread/recipe,smittenkitchen.com,True,recipe – smitten kitchen,,,,,,,,,,,,,,,,
https://smittenkitchen.com/2017/09/pizza-beans/,smittenkitchen.com,True,pizza beans – smitten kitchen,,,,,,,,,,,,,,,,
https://smittenkitchen.com/2025/02/ziti-chickpeas-with-sausage-and-kale/,smittenkitchen.com,True,ziti chickpeas with sausage and kale – smitten kitchen,,,,,,,,,,,,,,,,
https://smittenkitchen.com/./recipes/5-ingredients-or-fewer/,smittenkitchen.com,True,5 Ingredients or Fewer – smitten kitchen,,,,,,,,,,,,,,,,
https://smittenkitchen.com/2010/08/perfect-blueberry-muffins/,smittenkitchen.com,True,perfect blueberry muffins – smitten kitchen,,,,,,,,,,,,,,,,
https://smittenkitchen.com/./recipes/course/bread/,smittenkitchen.com,True,Bread – smitten kitchen,,,,,,,,,,,,,,,,
https://smittenkitchen.com/2017/09/marbled-banana-bread/,smittenkitchen.com,True,marbled banana bread – smitten kitchen,,,,,,,,,,,,,,,,
https://smittenkitchen.com/./recipes/course/party-snacks/,smittenkitchen.com,True,Party Snacks – smitten kitchen,,,,,,,,,,,,,,,,
https://smittenkitchen.com/2024/12/invisible-apple-cake/,smittenkitchen.com,True,invisible apple cake – smitten kitchen,,,,,,,,,,,,,,,,
https://smittenkitchen.com/2021/04/sheet-pan-chow-mein/,smittenkitchen.com,True,sheet pan chow mein – smitten kitchen,,,,,,,,,,,,,,,,
http://smittenkitchen.com/blog/2008/08/crisp-rosemary-flatbread/,smittenkitchen.com,True,crisp rosemary flatbread – smitten kitchen,,,,,,,,,,,,,,,,
https://smittenkitchen.com/2020/04/layered-yogurt-flatbreads/,smittenkitchen.com,True,layered yogurt flatbreads – smitten kitchen,,,,,,,,,,,,,,,,
https://smittenkitchen.com/2020/09/whole-wheat-chocolate-oat-cookies/,smittenkitchen.com,True,whole wheat chocolate oat cookies – smitten kitchen,,,,,,,,,,,,,,,,
https://smittenkitchen.com/2008/08/crisp-rosemary-flatbread/?share=facebook,smittenkitchen.com,True,Facebook,,,,,,,,,,,,,,,,
https://smittenkitchen.com/2008/08/marinated-eggplant-with-capers-and-mint/,smittenkitchen.com,True,marinated eggplant with capers and mint – smitten kitchen,,,,,,,,,,,,,,,,
https://smittenkitchen.com/2008/08/crisp-rosemary-flatbread/?share=twitter,smittenkitchen.com,True,X,,,,,,,,,,,,,,,,
https://smittenkitchen.com/2020/03/ultimate-banana-bread/,smittenkitchen.com,True,ultimate banana bread – smitten kitchen,,,,,,,,,,,,,,,,
https://smittenkitchen.com/2008/08/crisp-rosemary-flatbread/?share=pinterest,smittenkitchen.com,True,Pinterest,,,,,,,,,,,,,,,,
https://smittenkitchen.com/2013/10/miso-sweet-potato-and-broccoli-bowl/,smittenkitchen.com,True,miso sweet potato and broccoli bowl – smitten kitchen,,,,,,,,,,,,,,,,
https://smittenkitchen.com/2008/08/dimply-plum-cake/,smittenkitchen.com,True,dimply plum cake – smitten kitchen,,,,,,,,,,,,,,,,
https://smittenkitchen.com/2008/08/crisp-rosemary-flatbread/#masthead,smittenkitchen.com,True,crisp rosemary flatbread – smitten kitchen,,,,,,,,,,,,,,,,
https://smittenkitchen.com/2008/08/crisp-rosemary-flatbread/#respond,smittenkitchen.com,True,crisp rosemary flatbread – smitten kitchen,,,,,,,,,,,,,,,,
https://smittenkitchen.com/2008/08/crisp-rosemary-flatbread/#content,smittenkitchen.com,True,crisp rosemary flatbread – smitten kitchen,,,,,,,,,,,,,,,,
https://smittenkitchen.com/2020/10/simple-cauliflower-tacos/,smittenkitchen.com,True,simple cauliflower tacos – smitten kitchen,,,,,,,,,,,,,,,,
https://smittenkitchen.com/recipes,smittenkitchen.com,True,Recipe – smitten kitchen,,,,,,,,,,,,,,,,
https://smittenkitchen.com/2012/08/my-favorite-brownies/,smittenkitchen.com,True,my favorite brownies – smitten kitchen,,,,,,,,,,,,,,,,
https://smittenkitchen.com/2020/04/how-i-stock-the-smitten-kitchen/,smittenkitchen.com,True,how i stock the smitten kitchen – smitten kitchen,,,,,,,,,,,,,,,,
https://smittenkitchen.com/./recipes/sweets/cookie/,smittenkitchen.com,True,Cookie – smitten kitchen,,,,,,,,,,,,,,,,
https://smittenkitchen.com/2017/09/pizza-beans/,smittenkitchen.com,True,pizza beans – smitten kitchen,,,,,,,,,,,,,,,,
https://smittenkitchen.com/2025/02/ziti-chickpeas-with-sausage-and-kale/,smittenkitchen.com,True,ziti chickpeas with sausage and kale – smitten kitchen,,,,,,,,,,,,,,,,
https://smittenkitchen.com/./recipes/sweets/chocolate/,smittenkitchen.com,True,Chocolate – smitten kitchen,,,,,,,,,,,,,,,,
https://smittenkitchen.com/2020/09/whole-wheat-chocolate-oat-cookies/#respond,smittenkitchen.com,True,whole wheat chocolate oat cookies – smitten kitchen,,,,,,,,,,,,,,,,
https://smittenkitchen.com/2020/09/whole-wheat-chocolate-oat-cookies/#masthead,smittenkitchen.com,True,whole wheat chocolate oat cookies – smitten kitchen,,,,,,,,,,,,,,,,
https://smittenkitchen.com/2010/08/perfect-blueberry-muffins/,smittenkitchen.com,True,perfect blueberry muffins – smitten kitchen,,,,,,,,,,,,,,,,
https://smittenkitchen.com/2013/10/frico-grilled-cheese-sandwiches/,smittenkitchen.com,True,frico grilled cheese sandwiches – smitten kitchen,,,,,,,,,,,,,,,,
https://smittenkitchen.com/2017/09/marbled-banana-bread/,smittenkitchen.com,True,marbled banana bread – smitten kitchen,,,,,,,,,,,,,,,,
https://smittenkitchen.com/2009/02/thick-chewy-oatmeal-raisin-cookies/,smittenkitchen.com,True,"thick, chewy oatmeal raisin cookies – smitten kitchen",,,,,,,,,,,,,,,,
https://smittenkitchen.com/2016/09/chocolate-pavlova/,smittenkitchen.com,True,chocolate pavlova – smitten kitchen,,,,,,,,,,,,,,,,
https://smittenkitchen.com/2014/09/cucumber-lemonade/,smittenkitchen.com,True,cucumber lemonade – smitten kitchen,,,,,,,,,,,,,,,,
https://smittenkitchen.com/2006/09/orange-chocolate-chunk-cake/,smittenkitchen.com,True,orange chocolate chunk cake – smitten kitchen,,,,,,,,,,,,,,,,
https://smittenkitchen.com/2008/09/black-and-white-cookies/,smittenkitchen.com,True,black and white cookies – smitten kitchen,,,,,,,,,,,,,,,,
https://smittenkitchen.com/2014/09/sunken-apple-and-honey-cake/,smittenkitchen.com,True,sunken apple and honey cake – smitten kitchen,,,,,,,,,,,,,,,,
https://smittenkitchen.com/2012/09/homemade-wheat-thins/,smittenkitchen.com,True,homemade wheat thins – smitten kitchen,,,,,,,,,,,,,,,,
https://smittenkitchen.com/2012/09/roasted-apple-spice-sheet-cake/,smittenkitchen.com,True,roasted apple spice sheet cake – smitten kitchen,,,,,,,,,,,,,,,,
https://smittenkitchen.com/2009/08/make-your-own-brown-sugar/,smittenkitchen.com,True,make your own brown sugar – smitten kitchen,,,,,,,,,,,,,,,,
https://smittenkitchen.com/2008/04/whole-wheat-apple-muffins/,smittenkitchen.com,True,whole wheat apple muffins – smitten kitchen,,,,,,,,,,,,,,,,
https://smittenkitchen.com/2024/12/invisible-apple-cake/,smittenkitchen.com,True,invisible apple cake – smitten kitchen,,,,,,,,,,,,,,,,
https://smittenkitchen.com/2020/09/whole-wheat-chocolate-oat-cookies/#content,smittenkitchen.com,True,whole wheat chocolate oat cookies – smitten kitchen,,,,,,,,,,,,,,,,
https://smittenkitchen.com/2021/04/sheet-pan-chow-mein/,smittenkitchen.com,True,sheet pan chow mein – smitten kitchen,,,,,,,,,,,,,,,,
http://smittenkitchen.com/2010/09/beef-chili-sour-cream-and-cheddar-biscuits/,smittenkitchen.com,True,beef chili + sour cream and cheddar biscuits – smitten kitchen,,,,,,,,,,,,,,,,
https://smittenkitchen.com/./recipes/method/freezer-friendly/,smittenkitchen.com,True,Freezer Friendly – smitten kitchen,,,,,,,,,,,,,,,,
https://smittenkitchen.com/recipe-collection/best-of-2020/,smittenkitchen.com,True,Best of 2020 – smitten kitchen,,,,,,,,,,,,,,,,
https://smittenkitchen.com/2015/09/oat-and-wheat-sandwich-bread/,smittenkitchen.com,True,oat and wheat sandwich bread – smitten kitchen,,,,,,,,,,,,,,,,
https://smittenkitchen.com/2019/09/cinnamon-sugar-scones/,smittenkitchen.com,True,cinnamon sugar scones – smitten kitchen,,,,,,,,,,,,,,,,
https://smittenkitchen.com/2020/09/whole-wheat-chocolate-oat-cookies/?share=twitter,smittenkitchen.com,True,X,,,,,,,,,,,,,,,,
https://smittenkitchen.com/2008/09/spinach-quiche-revisited/,smittenkitchen.com,True,"spinach quiche, revisited – smitten kitchen",,,,,,,,,,,,,,,,
https://smittenkitchen.com/2010/09/monkey-cake/,smittenkitchen.com,True,monkey cake – smitten kitchen,,,,,,,,,,,,,,,,
https://smittenkitchen.com/2020/09/whole-wheat-chocolate-oat-cookies/?share=facebook,smittenkitchen.com,True,Facebook,,,,,,,,,,,,,,,,
https://smittenkitchen.com/2013/09/fudgy-chocolate-sheet-cake/,smittenkitchen.com,True,fudgy chocolate sheet cake – smitten kitchen,,,,,,,,,,,,,,,,
https://smittenkitchen.com/2018/09/breakfast-burritos/,smittenkitchen.com,True,breakfast burritos – smitten kitchen,,,,,,,,,,,,,,,,
https://smittenkitchen.com/2020/03/ultimate-banana-bread/,smittenkitchen.com,True,ultimate banana bread – smitten kitchen,,,,,,,,,,,,,,,,
https://smittenkitchen.com/2011/09/apple-and-honey-challah/,smittenkitchen.com,True,apple and honey challah – smitten kitchen,,,,,,,,,,,,,,,,
https://smittenkitchen.com/2009/09/grilled-lamb-kebabs-tzatziki/,smittenkitchen.com,True,grilled lamb kebabs + tzatziki – smitten kitchen,,,,,,,,,,,,,,,,
https://smittenkitchen.com/2009/09/snickerdoodles/,smittenkitchen.com,True,snickerdoodles – smitten kitchen,,,,,,,,,,,,,,,,
https://smittenkitchen.com/2007/02/sour-cream-bran-muffins/,smittenkitchen.com,True,sour cream bran muffins – smitten kitchen,,,,,,,,,,,,,,,,
https://smittenkitchen.com/2011/09/roasted-tomato-soup-with-broiled-cheddar/,smittenkitchen.com,True,roasted tomato soup with broiled cheddar – smitten kitchen,,,,,,,,,,,,,,,,
https://smittenkitchen.com/2020/09/homemade-cream-cheese/,smittenkitchen.com,True,homemade cream cheese – smitten kitchen,,,,,,,,,,,,,,,,
https://smittenkitchen.com/2016/09/piri-piri-chicken/,smittenkitchen.com,True,piri piri chicken – smitten kitchen,,,,,,,,,,,,,,,,
https://smittenkitchen.com/2007/09/tortilla-de-patatas/,smittenkitchen.com,True,tortilla de patatas – smitten kitchen,,,,,,,,,,,,,,,,
https://smittenkitchen.com/2013/10/miso-sweet-potato-and-broccoli-bowl/,smittenkitchen.com,True,miso sweet potato and broccoli bowl – smitten kitchen,,,,,,,,,,,,,,,,
https://smittenkitchen.com/2020/09/whole-wheat-chocolate-oat-cookies/recipe,smittenkitchen.com,True,recipe – smitten kitchen,,,,,,,,,,,,,,,,
https://smittenkitchen.com/2014/09/cauliflower-slaw/,smittenkitchen.com,True,cauliflower slaw – smitten kitchen,,,,,,,,,,,,,,,,
https://smittenkitchen.com/2007/11/oatmeal-chocolate-chip-and-pecan-cookies/,smittenkitchen.com,True,"oatmeal, chocolate chip and pecan cookies – smitten kitchen",,,,,,,,,,,,,,,,
https://smittenkitchen.com/2008/09/wheat-bread-without-a-timetable/,smittenkitchen.com,True,bread without a timetable – smitten kitchen,,,,,,,,,,,,,,,,
https://smittenkitchen.com/2007/09/mmm-bab-bee-bab-ka/,smittenkitchen.com,True,chocolate babka – smitten kitchen,,,,,,,,,,,,,,,,
https://smittenkitchen.com/2020/09/whole-wheat-chocolate-oat-cookies/?share=pinterest,smittenkitchen.com,True,Pinterest,,,,,,,,,,,,,,,,
https://smittenkitchen.com/./recipes/budget/,smittenkitchen.com,True,Budget – smitten kitchen,,,,,,,,,,,,,,,,
https://smittenkitchen.com/./recipes/ingredient/pantry/,smittenkitchen.com,True,Pantry – smitten kitchen,,,,,,,,,,,,,,,,
https://smittenkitchen.com/recipes,smittenkitchen.com,True,Recipe – smitten kitchen,,,,,,,,,,,,,,,,
https://smittenkitchen.com/2012/08/my-favorite-brownies/,smittenkitchen.com,True,my favorite brownies – smitten kitchen,,,,,,,,,,,,,,,,
https://smittenkitchen.com/2020/04/how-i-stock-the-smitten-kitchen/,smittenkitchen.com,True,how i stock the smitten kitchen – smitten kitchen,,,,,,,,,,,,,,,,
https://smittenkitchen.com/2017/09/pizza-beans/,smittenkitchen.com,True,pizza beans – smitten kitchen,,,,,,,,,,,,,,,,
https://smittenkitchen.com/2025/02/ziti-chickpeas-with-sausage-and-kale/,smittenkitchen.com,True,ziti chickpeas with sausage and kale – smitten kitchen,,,,,,,,,,,,,,,,
https://smittenkitchen.com/2007/06/everyday-yellow-dal/#content,smittenkitchen.com,True,everyday yellow dal – smitten kitchen,,,,,,,,,,,,,,,,
https://smittenkitchen.com/2010/08/perfect-blueberry-muffins/,smittenkitchen.com,True,perfect blueberry muffins – smitten kitchen,,,,,,,,,,,,,,,,
https://smittenkitchen.com/2007/07/460-words-and-no-mention-of-proust-oh-wait/,smittenkitchen.com,True,classic madeleines – smitten kitchen,,,,,,,,,,,,,,,,
https://smittenkitchen.com/2017/09/marbled-banana-bread/,smittenkitchen.com,True,marbled banana bread – smitten kitchen,,,,,,,,,,,,,,,,
https://smittenkitchen.com/./recipes/holiday/ramadan/,smittenkitchen.com,True,Ramadan – smitten kitchen,,,,,,,,,,,,,,,,
https://smittenkitchen.com/2024/12/invisible-apple-cake/,smittenkitchen.com,True,invisible apple cake – smitten kitchen,,,,,,,,,,,,,,,,
https://smittenkitchen.com/./recipes/diet/vegetarian/,smittenkitchen.com,True,Vegetarian – smitten kitchen,,,,,,,,,,,,,,,,
https://smittenkitchen.com/2007/06/everyday-yellow-dal/?share=twitter,smittenkitchen.com,True,X,,,,,,,,,,,,,,,,
https://smittenkitchen.com/2021/04/sheet-pan-chow-mein/,smittenkitchen.com,True,sheet pan chow mein – smitten kitchen,,,,,,,,,,,,,,,,
https://smittenkitchen.com/2020/09/whole-wheat-chocolate-oat-cookies/,smittenkitchen.com,True,whole wheat chocolate oat cookies – smitten kitchen,,,,,,,,,,,,,,,,
http://smittenkitchen.com/2007/02/confessions-of-a-cumin-junkie,smittenkitchen.com,True,spiced cauliflower and potatoes + more – smitten kitchen,,,,,,,,,,,,,,,,
https://smittenkitchen.com/2007/06/everyday-yellow-dal/recipe,smittenkitchen.com,True,recipe – smitten kitchen,,,,,,,,,,,,,,,,
https://smittenkitchen.com/2020/03/ultimate-banana-bread/,smittenkitchen.com,True,ultimate banana bread – smitten kitchen,,,,,,,,,,,,,,,,
https://smittenkitchen.com/2007/06/everyday-yellow-dal/#masthead,smittenkitchen.com,True,everyday yellow dal – smitten kitchen,,,,,,,,,,,,,,,,
https://smittenkitchen.com/./recipes/ingredient/beans/,smittenkitchen.com,True,Beans – smitten kitchen,,,,,,,,,,,,,,,,
https://smittenkitchen.com/2007/06/strawberry-chiffon-shortcake/,smittenkitchen.com,True,strawberry chiffon shortcake – smitten kitchen,,,,,,,,,,,,,,,,
https://smittenkitchen.com/2007/06/everyday-yellow-dal/?share=pinterest,smittenkitchen.com,True,Pinterest,,,,,,,,,,,,,,,,
https://smittenkitchen.com/2013/10/miso-sweet-potato-and-broccoli-bowl/,smittenkitchen.com,True,miso sweet potato and broccoli bowl – smitten kitchen,,,,,,,,,,,,,,,,
https://smittenkitchen.com/2007/06/everyday-yellow-dal/#respond,smittenkitchen.com,True,everyday yellow dal – smitten kitchen,,,,,,,,,,,,,,,,
https://smittenkitchen.com/2007/06/everyday-yellow-dal/?share=facebook,smittenkitchen.com,True,Facebook,,,,,,,,,,,,,,,,
https://smittenkitchen.com/./recipes/cuisine/indian/,smittenkitchen.com,True,Indian – smitten kitchen,,,,,,,,,,,,,,,,
https://smittenkitchen.com/./recipes/course/pasta/,smittenkitchen.com,True,Pasta – smitten kitchen,,,,,,,,,,,,,,,,
https://smittenkitchen.com/recipes,smittenkitchen.com,True,Recipe – smitten kitchen,,,,,,,,,,,,,,,,
https://smittenkitchen.com/2012/08/my-favorite-brownies/,smittenkitchen.com,True,my favorite brownies – smitten kitchen,,,,,,,,,,,,,,,,
https://smittenkitchen.com/2020/04/how-i-stock-the-smitten-kitchen/,smittenkitchen.com,True,how i stock the smitten kitchen – smitten kitchen,,,,,,,,,,,,,,,,
https://smittenkitchen.com/2017/09/pizza-beans/,smittenkitchen.com,True,pizza beans – smitten kitchen,,,,,,,,,,,,,,,,
https://smittenkitchen.com/2025/02/ziti-chickpeas-with-sausage-and-kale/,smittenkitchen.com,True,ziti chickpeas with sausage and kale – smitten kitchen,,,,,,,,,,,,,,,,
http://smittenkitchen.com/2007/02/confessions-of-a-cumin-junkie/,smittenkitchen.com,True,spiced cauliflower and potatoes + more – smitten kitchen,,,,,,,,,,,,,,,,
https://smittenkitchen.com/2010/02/arroz-con-leche-rice-pudding/,smittenkitchen.com,True,arroz con leche (rice pudding) – smitten kitchen,,,,,,,,,,,,,,,,
https://smittenkitchen.com/2010/08/perfect-blueberry-muffins/,smittenkitchen.com,True,perfect blueberry muffins – smitten kitchen,,,,,,,,,,,,,,,,
https://smittenkitchen.com/2017/09/marbled-banana-bread/,smittenkitchen.com,True,marbled banana bread – smitten kitchen,,,,,,,,,,,,,,,,
http://smittenkitchen.com/2009/08/melon-agua-fresca/,smittenkitchen.com,True,melon agua fresca – smitten kitchen,,,,,,,,,,,,,,,,
https://smittenkitchen.com/2024/12/invisible-apple-cake/,smittenkitchen.com,True,invisible apple cake – smitten kitchen,,,,,,,,,,,,,,,,
https://smittenkitchen.com/2021/04/sheet-pan-chow-mein/,smittenkitchen.com,True,sheet pan chow mein – smitten kitchen,,,,,,,,,,,,,,,,
https://smittenkitchen.com/./recipes/method/freezer-friendly/,smittenkitchen.com,True,Freezer Friendly – smitten kitchen,,,,,,,,,,,,,,,,
https://smittenkitchen.com/2020/09/whole-wheat-chocolate-oat-cookies/,smittenkitchen.com,True,whole wheat chocolate oat cookies – smitten kitchen,,,,,,,,,,,,,,,,
https://smittenkitchen.com/./recipes/ingredient/meat/lamb/,smittenkitchen.com,True,Lamb – smitten kitchen,,,,,,,,,,,,,,,,
https://smittenkitchen.com/2010/02/baked-rigatoni-with-tiny-meatballs/#masthead,smittenkitchen.com,True,baked rigatoni with tiny meatballs – smitten kitchen,,,,,,,,,,,,,,,,
https://smittenkitchen.com/2010/02/baked-rigatoni-with-tiny-meatballs/?share=pinterest,smittenkitchen.com,True,Pinterest,,,,,,,,,,,,,,,,
https://smittenkitchen.com/2010/03/st-louis-gooey-butter-cake/,smittenkitchen.com,True,st. louis gooey butter cake – smitten kitchen,,,,,,,,,,,,,,,,
http://smittenkitchen.com/2009/02/key-lime-coconut-cake/,smittenkitchen.com,True,key lime coconut cake – smitten kitchen,,,,,,,,,,,,,,,,
https://smittenkitchen.com/./recipes/ingredient/meat/,smittenkitchen.com,True,Meat – smitten kitchen,,,,,,,,,,,,,,,,
https://smittenkitchen.com/2020/03/ultimate-banana-bread/,smittenkitchen.com,True,ultimate banana bread – smitten kitchen,,,,,,,,,,,,,,,,
https://smittenkitchen.com/2010/02/baked-rigatoni-with-tiny-meatballs/#content,smittenkitchen.com,True,baked rigatoni with tiny meatballs – smitten kitchen,,,,,,,,,,,,,,,,
https://smittenkitchen.com/./recipes/ingredient/meat/beef/,smittenkitchen.com,True,Beef – smitten kitchen,,,,,,,,,,,,,,,,
https://smittenkitchen.com/2013/10/miso-sweet-potato-and-broccoli-bowl/,smittenkitchen.com,True,miso sweet potato and broccoli bowl – smitten kitchen,,,,,,,,,,,,,,,,
https://smittenkitchen.com/2010/02/baked-rigatoni-with-tiny-meatballs/?share=facebook,smittenkitchen.com,True,Facebook,,,,,,,,,,,,,,,,
http://smittenkitchen.com/2008/02/spicy-sweet-potato-wedges-plus-five-etceteras/,smittenkitchen.com,True,spicy sweet potato wedges + five etceteras – smitten kitchen,,,,,,,,,,,,,,,,
https://smittenkitchen.com/2010/02/baked-rigatoni-with-tiny-meatballs/recipe,smittenkitchen.com,True,recipe – smitten kitchen,,,,,,,,,,,,,,,,
https://smittenkitchen.com/2010/02/baked-rigatoni-with-tiny-meatballs/#respond,smittenkitchen.com,True,baked rigatoni with tiny meatballs – smitten kitchen,,,,,,,,,,,,,,,,
https://smittenkitchen.com/./recipes/method/casserole/,smittenkitchen.com,True,Casserole – smitten kitchen,,,,,,,,,,,,,,,,
https://smittenkitchen.com/2010/02/baked-rigatoni-with-tiny-meatballs/?share=twitter,smittenkitchen.com,True,X,,,,,,,,,,,,,,,,
http://smittenkitchen.com/2010/01/tomato-sauce-with-butter-and-onions/,smittenkitchen.com,True,tomato sauce with onion and butter – smitten kitchen,,,,,,,,,,,,,,,,
https://smittenkitchen.com/./recipes/ingredient/meat/pork-meat/,smittenkitchen.com,True,Pork – smitten kitchen,,,,,,,,,,,,,,,,
https://smittenkitchen.com/./recipes/cuisine/italian/,smittenkitchen.com,True,Italian – smitten kitchen,,,,,,,,,,,,,,,,
https://smittenkitchen.com/./recipes/,smittenkitchen.com,True,Recipe – smitten kitchen,,,,,,,,,,,,,,,,
https://smittenkitchen.com/2007/03/some-south-in-your-mouth/,smittenkitchen.com,True,strawberry rhubarb pecan loaf – smitten kitchen,,,,,,,,,,,,,,,,
https://smittenkitchen.com/2016/02/everyday-meatballs/,smittenkitchen.com,True,everyday meatballs – smitten kitchen,,,,,,,,,,,,,,,,
https://smittenkitchen.com/recipes,smittenkitchen.com,True,Recipe – smitten kitchen,,,,,,,,,,,,,,,,
https://smittenkitchen.com/2012/08/my-favorite-brownies/,smittenkitchen.com,True,my favorite brownies – smitten kitchen,,,,,,,,,,,,,,,,
https://smittenkitchen.com/2020/04/how-i-stock-the-smitten-kitchen/,smittenkitchen.com,True,how i stock the smitten kitchen – smitten kitchen,,,,,,,,,,,,,,,,
https://smittenkitchen.com/./recipes/kid-favorites/,smittenkitchen.com,True,Kid Favorites – smitten kitchen,,,,,,,,,,,,,,,,
https://smittenkitchen.com/2017/09/pizza-beans/,smittenkitchen.com,True,pizza beans – smitten kitchen,,,,,,,,,,,,,,,,
https://smittenkitchen.com/2025/02/ziti-chickpeas-with-sausage-and-kale/,smittenkitchen.com,True,ziti chickpeas with sausage and kale – smitten kitchen,,,,,,,,,,,,,,,,
https://smittenkitchen.com/2014/03/kale-and-quinoa-salad-with-ricotta-salata/,smittenkitchen.com,True,kale and quinoa salad with ricotta salata – smitten kitchen,,,,,,,,,,,,,,,,
https://smittenkitchen.com/./recipes/course/dinner/,smittenkitchen.com,True,Dinner – smitten kitchen,,,,,,,,,,,,,,,,
https://smittenkitchen.com/2020/03/pina-colada/,smittenkitchen.com,True,piña colada – smitten kitchen,,,,,,,,,,,,,,,,
https://smittenkitchen.com/./recipes/ingredient/meat/chicken/,smittenkitchen.com,True,Chicken – smitten kitchen,,,,,,,,,,,,,,,,
https://smittenkitchen.com/2010/08/perfect-blueberry-muffins/,smittenkitchen.com,True,perfect blueberry muffins – smitten kitchen,,,,,,,,,,,,,,,,
https://smittenkitchen.com/2017/09/marbled-banana-bread/,smittenkitchen.com,True,marbled banana bread – smitten kitchen,,,,,,,,,,,,,,,,
https://smittenkitchen.com/2020/03/chicken-leek-and-rice-soup/#content,smittenkitchen.com,True,"chicken, leek, and rice soup – smitten kitchen",,,,,,,,,,,,,,,,
https://smittenkitchen.com/./recipes/holiday/ramadan/,smittenkitchen.com,True,Ramadan – smitten kitchen,,,,,,,,,,,,,,,,
http://smittenkitchen.com/2013/11/perfect-uncluttered-chicken-stock/,smittenkitchen.com,True,"perfect, uncluttered chicken stock – smitten kitchen",,,,,,,,,,,,,,,,
https://smittenkitchen.com/2008/02/greens-orzo-meatball-soup/,smittenkitchen.com,True,"greens, orzo and meatball soup – smitten kitchen",,,,,,,,,,,,,,,,
https://smittenkitchen.com/2024/12/invisible-apple-cake/,smittenkitchen.com,True,invisible apple cake – smitten kitchen,,,,,,,,,,,,,,,,
https://smittenkitchen.com/2011/02/pina-colada-cake/,smittenkitchen.com,True,piña colada cake – smitten kitchen,,,,,,,,,,,,,,,,
https://smittenkitchen.com/2020/03/chicken-leek-and-rice-soup/#masthead,smittenkitchen.com,True,"chicken, leek, and rice soup – smitten kitchen",,,,,,,,,,,,,,,,
https://smittenkitchen.com/2018/03/luxe-butterscotch-pudding/,smittenkitchen.com,True,luxe butterscotch pudding – smitten kitchen,,,,,,,,,,,,,,,,
https://smittenkitchen.com/2020/03/chicken-leek-and-rice-soup/recipe,smittenkitchen.com,True,recipe – smitten kitchen,,,,,,,,,,,,,,,,
https://smittenkitchen.com/2021/04/sheet-pan-chow-mein/,smittenkitchen.com,True,sheet pan chow mein – smitten kitchen,,,,,,,,,,,,,,,,
https://smittenkitchen.com/./recipes/method/freezer-friendly/,smittenkitchen.com,True,Freezer Friendly – smitten kitchen,,,,,,,,,,,,,,,,
https://smittenkitchen.com/recipe-collection/best-of-2020/,smittenkitchen.com,True,Best of 2020 – smitten kitchen,,,,,,,,,,,,,,,,
https://smittenkitchen.com/2020/09/whole-wheat-chocolate-oat-cookies/,smittenkitchen.com,True,whole wheat chocolate oat cookies – smitten kitchen,,,,,,,,,,,,,,,,
http://smittenkitchen.com/2014/10/homemade-harissa/,smittenkitchen.com,True,homemade harissa – smitten kitchen,,,,,,,,,,,,,,,,
https://smittenkitchen.com/2020/03/chicken-leek-and-rice-soup/?share=twitter,smittenkitchen.com,True,X,,,,,,,,,,,,,,,,
https://smittenkitchen.com/2010/02/cauliflower-and-caramelized-onion-tart/,smittenkitchen.com,True,cauliflower and caramelized onion tart – smitten kitchen,,,,,,,,,,,,,,,,
https://smittenkitchen.com/2015/03/cornmeal-fried-pork-chops-goat-cheese-smashed-potatoes/,smittenkitchen.com,True,cornmeal-fried pork chops + smashed potatoes – smitten kitchen,,,,,,,,,,,,,,,,
http://smittenkitchen.com/2015/01/my-ultimate-chicken-noodle-soup/,smittenkitchen.com,True,my ultimate chicken noodle soup – smitten kitchen,,,,,,,,,,,,,,,,
https://smittenkitchen.com/./recipes/diet/gluten-free/,smittenkitchen.com,True,Gluten-Free – smitten kitchen,,,,,,,,,,,,,,,,
https://smittenkitchen.com/2017/03/butterscotch-pie/,smittenkitchen.com,True,butterscotch pie – smitten kitchen,,,,,,,,,,,,,,,,
https://smittenkitchen.com/2011/03/whole-wheat-goldfish-crackers/,smittenkitchen.com,True,whole wheat goldfish crackers – smitten kitchen,,,,,,,,,,,,,,,,
https://smittenkitchen.com/2020/03/chicken-leek-and-rice-soup/?share=facebook,smittenkitchen.com,True,Facebook,,,,,,,,,,,,,,,,
https://smittenkitchen.com/2020/03/ultimate-banana-bread/,smittenkitchen.com,True,ultimate banana bread – smitten kitchen,,,,,,,,,,,,,,,,
https://smittenkitchen.com/2020/03/chicken-leek-and-rice-soup/#respond,smittenkitchen.com,True,"chicken, leek, and rice soup – smitten kitchen",,,,,,,,,,,,,,,,
http://smittenkitchen.com/2012/10/chicken-noodle-soup/,smittenkitchen.com,True,chicken noodle soup – smitten kitchen,,,,,,,,,,,,,,,,
https://smittenkitchen.com/./recipes/weeknight-favorite/,smittenkitchen.com,True,Weeknight Favorite – smitten kitchen,,,,,,,,,,,,,,,,
https://smittenkitchen.com/2008/02/big-crumb-coffee-cake/,smittenkitchen.com,True,big crumb rhubarb coffee cake – smitten kitchen,,,,,,,,,,,,,,,,
https://smittenkitchen.com/2013/10/miso-sweet-potato-and-broccoli-bowl/,smittenkitchen.com,True,miso sweet potato and broccoli bowl – smitten kitchen,,,,,,,,,,,,,,,,
https://smittenkitchen.com/./recipes/course/soup/,smittenkitchen.com,True,Soup – smitten kitchen,,,,,,,,,,,,,,,,
https://smittenkitchen.com/2009/02/devils-chicken-thighs-braised-leeks/,smittenkitchen.com,True,devil’s chicken thighs + braised leeks – smitten kitchen,,,,,,,,,,,,,,,,
https://smittenkitchen.com/2010/02/monkey-bread-with-cream-cheese-glaze/,smittenkitchen.com,True,monkey bread with cream cheese glaze – smitten kitchen,,,,,,,,,,,,,,,,
https://smittenkitchen.com/2012/03/multigrain-apple-crisps/,smittenkitchen.com,True,multigrain apple crisps – smitten kitchen,,,,,,,,,,,,,,,,
https://smittenkitchen.com/2019/09/stuffed-eggplant-parmesan/,smittenkitchen.com,True,stuffed eggplant parmesan – smitten kitchen,,,,,,,,,,,,,,,,
https://smittenkitchen.com/2009/02/red-kidney-bean-curry/,smittenkitchen.com,True,red kidney bean curry – smitten kitchen,,,,,,,,,,,,,,,,
https://smittenkitchen.com/2013/03/french-onion-tart-uk-cookbook-release/,smittenkitchen.com,True,french onion tart – smitten kitchen,,,,,,,,,,,,,,,,
https://smittenkitchen.com/2020/03/chicken-leek-and-rice-soup/?share=pinterest,smittenkitchen.com,True,Pinterest,,,,,,,,,,,,,,,,
https://smittenkitchen.com/2020/03/carrot-and-white-bean-burgers/,smittenkitchen.com,True,carrot and white bean burgers – smitten kitchen,,,,,,,,,,,,,,,,
https://smittenkitchen.com/2015/02/the-i-want-chocolate-cake-cake/,smittenkitchen.com,True,the ‘i want chocolate cake’ cake – smitten kitchen,,,,,,,,,,,,,,,,
https://smittenkitchen.com/2016/02/roasted-yams-and-chickpeas-with-yogurt/,smittenkitchen.com,True,roasted yams and chickpeas with yogurt – smitten kitchen,,,,,,,,,,,,,,,,
https://smittenkitchen.com/./recipes/ingredient/grain/,smittenkitchen.com,True,Grain/Rice – smitten kitchen,,,,,,,,,,,,,,,,
https://smittenkitchen.com/2019/03/extra-flaky-pie-crust/,smittenkitchen.com,True,extra-flaky pie crust – smitten kitchen,,,,,,,,,,,,,,,,
https://smittenkitchen.com/2008/11/veselkas-cabbage-soup/?share=facebook,smittenkitchen.com,True,Facebook,,,,,,,,,,,,,,,,
https://smittenkitchen.com/recipes,smittenkitchen.com,True,Recipe – smitten kitchen,,,,,,,,,,,,,,,,
https://smittenkitchen.com/2012/08/my-favorite-brownies/,smittenkitchen.com,True,my favorite brownies – smitten kitchen,,,,,,,,,,,,,,,,
https://smittenkitchen.com/2020/04/how-i-stock-the-smitten-kitchen/,smittenkitchen.com,True,how i stock the smitten kitchen – smitten kitchen,,,,,,,,,,,,,,,,
https://smittenkitchen.com/2008/11/veselkas-cabbage-soup/recipe,smittenkitchen.com,True,recipe – smitten kitchen,,,,,,,,,,,,,,,,
https://smittenkitchen.com/2017/09/pizza-beans/,smittenkitchen.com,True,pizza beans – smitten kitchen,,,,,,,,,,,,,,,,
https://smittenkitchen.com/2025/02/ziti-chickpeas-with-sausage-and-kale/,smittenkitchen.com,True,ziti chickpeas with sausage and kale – smitten kitchen,,,,,,,,,,,,,,,,
https://smittenkitchen.com/2008/11/veselkas-cabbage-soup/#respond,smittenkitchen.com,True,veselka’s cabbage soup – smitten kitchen,,,,,,,,,,,,,,,,
https://smittenkitchen.com/2010/08/perfect-blueberry-muffins/,smittenkitchen.com,True,perfect blueberry muffins – smitten kitchen,,,,,,,,,,,,,,,,
https://smittenkitchen.com/2017/09/marbled-banana-bread/,smittenkitchen.com,True,marbled banana bread – smitten kitchen,,,,,,,,,,,,,,,,
https://smittenkitchen.com/2008/11/veselkas-cabbage-soup/#content,smittenkitchen.com,True,veselka’s cabbage soup – smitten kitchen,,,,,,,,,,,,,,,,
https://smittenkitchen.com/2024/12/invisible-apple-cake/,smittenkitchen.com,True,invisible apple cake – smitten kitchen,,,,,,,,,,,,,,,,
https://smittenkitchen.com/2021/04/sheet-pan-chow-mein/,smittenkitchen.com,True,sheet pan chow mein – smitten kitchen,,,,,,,,,,,,,,,,
https://smittenkitchen.com/./recipes/vegetable/cabbage/,smittenkitchen.com,True,Cabbage – smitten kitchen,,,,,,,,,,,,,,,,
https://smittenkitchen.com/2020/09/whole-wheat-chocolate-oat-cookies/,smittenkitchen.com,True,whole wheat chocolate oat cookies – smitten kitchen,,,,,,,,,,,,,,,,
https://smittenkitchen.com/2008/11/dark-chocolate-tart-with-gingersnap-crust/,smittenkitchen.com,True,dark chocolate tart with gingersnap crust – smitten kitchen,,,,,,,,,,,,,,,,
http://smittenkitchen.com/2007/11/fennel-ice-cream/,smittenkitchen.com,True,fennel ice cream – smitten kitchen,,,,,,,,,,,,,,,,
https://smittenkitchen.com/2008/11/veselkas-cabbage-soup/?share=pinterest,smittenkitchen.com,True,Pinterest,,,,,,,,,,,,,,,,
https://smittenkitchen.com/2020/03/ultimate-banana-bread/,smittenkitchen.com,True,ultimate banana bread – smitten kitchen,,,,,,,,,,,,,,,,
https://smittenkitchen.com/2013/10/miso-sweet-potato-and-broccoli-bowl/,smittenkitchen.com,True,miso sweet potato and broccoli bowl – smitten kitchen,,,,,,,,,,,,,,,,
https://smittenkitchen.com/./recipes/course/soup/,smittenkitchen.com,True,Soup – smitten kitchen,,,,,,,,,,,,,,,,
https://smittenkitchen.com/2008/12/brown-butter-brown-sugar-shorties/,smittenkitchen.com,True,brown butter brown sugar shorties – smitten kitchen,,,,,,,,,,,,,,,,
https://smittenkitchen.com/2008/11/veselkas-cabbage-soup/?share=twitter,smittenkitchen.com,True,X,,,,,,,,,,,,,,,,
https://smittenkitchen.com/2008/11/veselkas-cabbage-soup/#masthead,smittenkitchen.com,True,veselka’s cabbage soup – smitten kitchen,,,,,,,,,,,,,,,,
https://smittenkitchen.com/./recipes/budget/,smittenkitchen.com,True,Budget – smitten kitchen,,,,,,,,,,,,,,,,
http://smittenkitchen.com/blog/2007/09/red-velvet-cake/,smittenkitchen.com,True,red velvet cake – smitten kitchen,,,,,,,,,,,,,,,,
http://smittenkitchen.com/blog/2008/09/braised-romano-beans/,smittenkitchen.com,True,braised romano beans – smitten kitchen,,,,,,,,,,,,,,,,
https://smittenkitchen.com/recipes,smittenkitchen.com,True,Recipe – smitten kitchen,,,,,,,,,,,,,,,,
https://smittenkitchen.com/2012/08/my-favorite-brownies/,smittenkitchen.com,True,my favorite brownies – smitten kitchen,,,,,,,,,,,,,,,,
https://smittenkitchen.com/2020/04/how-i-stock-the-smitten-kitchen/,smittenkitchen.com,True,how i stock the smitten kitchen – smitten kitchen,,,,,,,,,,,,,,,,
https://smittenkitchen.com/2013/10/miso-sweet-potato-and-broccoli-bowl/recipe,smittenkitchen.com,True,recipe – smitten kitchen,,,,,,,,,,,,,,,,
https://smittenkitchen.com/./recipes/vegetable/potatoes/,smittenkitchen.com,True,Potatoes – smitten kitchen,,,,,,,,,,,,,,,,
https://smittenkitchen.com/2017/09/pizza-beans/,smittenkitchen.com,True,pizza beans – smitten kitchen,,,,,,,,,,,,,,,,
https://smittenkitchen.com/2025/02/ziti-chickpeas-with-sausage-and-kale/,smittenkitchen.com,True,ziti chickpeas with sausage and kale – smitten kitchen,,,,,,,,,,,,,,,,
https://smittenkitchen.com/./recipes/course/dinner/,smittenkitchen.com,True,Dinner – smitten kitchen,,,,,,,,,,,,,,,,
http://smittenkitchen.com/blog/2009/09/date-spice-loaf/,smittenkitchen.com,True,date spice loaf – smitten kitchen,,,,,,,,,,,,,,,,
http://smittenkitchen.com/blog/2012/10/spaghetti-with-broccoli-cream-pesto/,smittenkitchen.com,True,spaghetti with broccoli cream pesto – smitten kitchen,,,,,,,,,,,,,,,,
http://smittenkitchen.com/blog/2008/09/eggs-in-tomato-sauce-contest-winners/,smittenkitchen.com,True,eggs in tomato sauce – smitten kitchen,,,,,,,,,,,,,,,,
https://smittenkitchen.com/2010/08/perfect-blueberry-muffins/,smittenkitchen.com,True,perfect blueberry muffins – smitten kitchen,,,,,,,,,,,,,,,,
http://smittenkitchen.com/blog/2006/09/like-the-lettuce/,smittenkitchen.com,True,romaine pesto and egg-stuffed tomatoes – smitten kitchen,,,,,,,,,,,,,,,,
https://smittenkitchen.com/2013/10/frico-grilled-cheese-sandwiches/,smittenkitchen.com,True,frico grilled cheese sandwiches – smitten kitchen,,,,,,,,,,,,,,,,
https://smittenkitchen.com/2017/09/marbled-banana-bread/,smittenkitchen.com,True,marbled banana bread – smitten kitchen,,,,,,,,,,,,,,,,
https://smittenkitchen.com/2013/10/miso-sweet-potato-and-broccoli-bowl/#content,smittenkitchen.com,True,miso sweet potato and broccoli bowl – smitten kitchen,,,,,,,,,,,,,,,,
http://smittenkitchen.com/blog/2007/09/mmm-bab-bee-bab-ka/,smittenkitchen.com,True,chocolate babka – smitten kitchen,,,,,,,,,,,,,,,,
https://smittenkitchen.com/./recipes/season/fall/,smittenkitchen.com,True,Fall – smitten kitchen,,,,,,,,,,,,,,,,
http://smittenkitchen.com/blog/2011/10/cumin-seed-roasted-cauliflower-with-yogurt/,smittenkitchen.com,True,cumin seed roasted cauliflower with yogurt – smitten kitchen,,,,,,,,,,,,,,,,
http://smittenkitchen.com/2015/08/takeout-style-sesame-noodles-with-cucumber/,smittenkitchen.com,True,takeout-style sesame noodles with cucumber – smitten kitchen,,,,,,,,,,,,,,,,
https://smittenkitchen.com/./recipes/vegetable/broccoli/,smittenkitchen.com,True,Broccoli – smitten kitchen,,,,,,,,,,,,,,,,
https://smittenkitchen.com/2013/10/miso-sweet-potato-and-broccoli-bowl/#respond,smittenkitchen.com,True,miso sweet potato and broccoli bowl – smitten kitchen,,,,,,,,,,,,,,,,
https://smittenkitchen.com/2013/10/miso-sweet-potato-and-broccoli-bowl/#masthead,smittenkitchen.com,True,miso sweet potato and broccoli bowl – smitten kitchen,,,,,,,,,,,,,,,,
https://smittenkitchen.com/recipe-collection/best-of-smitten-kitchen/,smittenkitchen.com,True,Best of Smitten Kitchen – smitten kitchen,,,,,,,,,,,,,,,,
https://smittenkitchen.com/2024/12/invisible-apple-cake/,smittenkitchen.com,True,invisible apple cake – smitten kitchen,,,,,,,,,,,,,,,,
https://smittenkitchen.com/2013/10/miso-sweet-potato-and-broccoli-bowl/?share=pinterest,smittenkitchen.com,True,Pinterest,,,,,,,,,,,,,,,,
https://smittenkitchen.com/./recipes/diet/vegetarian/,smittenkitchen.com,True,Vegetarian – smitten kitchen,,,,,,,,,,,,,,,,
https://smittenkitchen.com/2021/04/sheet-pan-chow-mein/,smittenkitchen.com,True,sheet pan chow mein – smitten kitchen,,,,,,,,,,,,,,,,
http://smittenkitchen.com/blog/2009/10/lebanese-style-stuffed-eggplant/,smittenkitchen.com,True,lebanese-style stuffed eggplant – smitten kitchen,,,,,,,,,,,,,,,,
http://smittenkitchen.com/blog/2013/10/frico-grilled-cheese-sandwiches/,smittenkitchen.com,True,frico grilled cheese sandwiches – smitten kitchen,,,,,,,,,,,,,,,,
https://smittenkitchen.com/2020/09/whole-wheat-chocolate-oat-cookies/,smittenkitchen.com,True,whole wheat chocolate oat cookies – smitten kitchen,,,,,,,,,,,,,,,,
https://smittenkitchen.com/2017/05/broccoli-rubble-farro-salad/,smittenkitchen.com,True,broccoli rubble farro salad – smitten kitchen,,,,,,,,,,,,,,,,
https://smittenkitchen.com/./recipes/course/lunch/,smittenkitchen.com,True,Lunch – smitten kitchen,,,,,,,,,,,,,,,,
https://smittenkitchen.com/2013/10/miso-sweet-potato-and-broccoli-bowl/?share=twitter,smittenkitchen.com,True,X,,,,,,,,,,,,,,,,
https://smittenkitchen.com/2020/03/ultimate-banana-bread/,smittenkitchen.com,True,ultimate banana bread – smitten kitchen,,,,,,,,,,,,,,,,
http://smittenkitchen.com/blog/2006/09/in-praise-of-the-pocket-sized/,smittenkitchen.com,True,lime curd tart – smitten kitchen,,,,,,,,,,,,,,,,
https://smittenkitchen.com/2013/10/miso-sweet-potato-and-broccoli-bowl/?share=facebook,smittenkitchen.com,True,Facebook,,,,,,,,,,,,,,,,
https://smittenkitchen.com/./recipes/diet/vegan/,smittenkitchen.com,True,Vegan – smitten kitchen,,,,,,,,,,,,,,,,
https://smittenkitchen.com/./recipes/weeknight-favorite/,smittenkitchen.com,True,Weeknight Favorite – smitten kitchen,,,,,,,,,,,,,,,,
http://smittenkitchen.com/blog/2007/09/noodle-kugel/,smittenkitchen.com,True,cream cheese noodle kugel – smitten kitchen,,,,,,,,,,,,,,,,
http://smittenkitchen.com/blog/2009/09/snickerdoodles/,smittenkitchen.com,True,snickerdoodles – smitten kitchen,,,,,,,,,,,,,,,,
http://smittenkitchen.com/blog/2010/04/avocado-salad-with-carrot-ginger-dressing/,smittenkitchen.com,True,avocado salad with carrot-ginger dressing – smitten kitchen,,,,,,,,,,,,,,,,
http://smittenkitchen.com/blog/2008/09/spinach-quiche-revisited/,smittenkitchen.com,True,"spinach quiche, revisited – smitten kitchen",,,,,,,,,,,,,,,,
https://smittenkitchen.com/./recipes/best-of-smitten-kitchen/,smittenkitchen.com,True,Best of Smitten Kitchen – smitten kitchen,,,,,,,,,,,,,,,,
http://smittenkitchen.com/blog/2010/10/single-crust-plum-and-apple-pie/,smittenkitchen.com,True,single-crust plum and apple pie – smitten kitchen,,,,,,,,,,,,,,,,
https://smittenkitchen.com/./recipes/ingredient/grain/,smittenkitchen.com,True,Grain/Rice – smitten kitchen,,,,,,,,,,,,,,,,
https://smittenkitchen.com/2013/10/purple-plum-torte/,smittenkitchen.com,True,purple plum torte – smitten kitchen,,,,,,,,,,,,,,,,
http://smittenkitchen.com/2017/01/chicken-wonton-soup/,smittenkitchen.com,True,chicken wonton soup – smitten kitchen,,,,,,,,,,,,,,,,
https://smittenkitchen.com/2014/02/dijon-and-cognac-beef-stew/,smittenkitchen.com,True,dijon and cognac beef stew – smitten kitchen,,,,,,,,,,,,,,,,
https://smittenkitchen.com/recipes,smittenkitchen.com,True,Recipe – smitten kitchen,,,,,,,,,,,,,,,,
http://smittenkitchen.com/2013/03/my-favorite-buttermilk-biscuits/,smittenkitchen.com,True,my favorite buttermilk biscuits – smitten kitchen,,,,,,,,,,,,,,,,
https://smittenkitchen.com/2012/08/my-favorite-brownies/,smittenkitchen.com,True,my favorite brownies – smitten kitchen,,,,,,,,,,,,,,,,
http://smittenkitchen.com/2009/02/red-kidney-bean-curry/,smittenkitchen.com,True,red kidney bean curry – smitten kitchen,,,,,,,,,,,,,,,,
https://smittenkitchen.com/2008/08/crisp-rosemary-flatbread/,smittenkitchen.com,True,crisp rosemary flatbread – smitten kitchen,,,,,,,,,,,,,,,,
https://smittenkitchen.com/2017/09/pizza-beans/,smittenkitchen.com,True,pizza beans – smitten kitchen,,,,,,,,,,,,,,,,
https://smittenkitchen.com/2025/02/ziti-chickpeas-with-sausage-and-kale/,smittenkitchen.com,True,ziti chickpeas with sausage and kale – smitten kitchen,,,,,,,,,,,,,,,,
https://smittenkitchen.com/2009/01/chicken-milanese-an-escarole-salad/,smittenkitchen.com,True,chicken milanese + an escarole salad – smitten kitchen,,,,,,,,,,,,,,,,
https://smittenkitchen.com/2020/04/how-i-stock-the-smitten-kitchen/recipe,smittenkitchen.com,True,recipe – smitten kitchen,,,,,,,,,,,,,,,,
http://smittenkitchen.com/2007/12/austrian-raspberry-shortbread/,smittenkitchen.com,True,austrian raspberry shortbread – smitten kitchen,,,,,,,,,,,,,,,,
http://smittenkitchen.com/2017/06/stovetop-americanos/,smittenkitchen.com,True,stovetop americanos – smitten kitchen,,,,,,,,,,,,,,,,
https://smittenkitchen.com/2010/04/avocado-salad-with-carrot-ginger-dressing/,smittenkitchen.com,True,avocado salad with carrot-ginger dressing – smitten kitchen,,,,,,,,,,,,,,,,
https://smittenkitchen.com/2020/03/pina-colada/,smittenkitchen.com,True,piña colada – smitten kitchen,,,,,,,,,,,,,,,,
https://smittenkitchen.com/2020/04/roast-chicken-with-schmaltzy-cabbage/,smittenkitchen.com,True,roast chicken with schmaltzy cabbage – smitten kitchen,,,,,,,,,,,,,,,,
http://smittenkitchen.com/2010/01/new-york-deli-rye-bread/,smittenkitchen.com,True,new york deli rye bread – smitten kitchen,,,,,,,,,,,,,,,,
http://smittenkitchen.com/2013/05/spring-vegetable-potstickers/,smittenkitchen.com,True,spring vegetable potstickers – smitten kitchen,,,,,,,,,,,,,,,,
https://smittenkitchen.com/2010/08/perfect-blueberry-muffins/,smittenkitchen.com,True,perfect blueberry muffins – smitten kitchen,,,,,,,,,,,,,,,,
https://smittenkitchen.com/2009/08/make-your-own-cake-flour/,smittenkitchen.com,True,make your own cake flour – smitten kitchen,,,,,,,,,,,,,,,,
https://smittenkitchen.com/2017/09/marbled-banana-bread/,smittenkitchen.com,True,marbled banana bread – smitten kitchen,,,,,,,,,,,,,,,,
https://smittenkitchen.com/2009/02/thick-chewy-oatmeal-raisin-cookies/,smittenkitchen.com,True,"thick, chewy oatmeal raisin cookies – smitten kitchen",,,,,,,,,,,,,,,,
https://smittenkitchen.com/2009/08/how-to-make-your-own-bread-flour/,smittenkitchen.com,True,make your own bread flour – smitten kitchen,,,,,,,,,,,,,,,,
http://smittenkitchen.com/2020/02/new-classic-wedding-cake-how-to/,smittenkitchen.com,True,new classic wedding cake + how to – smitten kitchen,,,,,,,,,,,,,,,,
http://smittenkitchen.com/2015/07/green-beans-with-almond-pesto/,smittenkitchen.com,True,green beans with almond pesto – smitten kitchen,,,,,,,,,,,,,,,,
http://smittenkitchen.com/2011/03/whole-wheat-goldfish-crackers/,smittenkitchen.com,True,whole wheat goldfish crackers – smitten kitchen,,,,,,,,,,,,,,,,
https://smittenkitchen.com/recipes/eggs/?format=photo,smittenkitchen.com,True,"eggs in purgatory, puttanesca-style – smitten kitchen",,,,,,,,,,,,,,,,
http://smittenkitchen.com/2013/11/perfect-uncluttered-chicken-stock/,smittenkitchen.com,True,"perfect, uncluttered chicken stock – smitten kitchen",,,,,,,,,,,,,,,,
https://smittenkitchen.com/2020/04/how-i-stock-the-smitten-kitchen/?share=pinterest,smittenkitchen.com,True,Pinterest,,,,,,,,,,,,,,,,
http://smittenkitchen.com/2013/01/ethereally-smooth-hummus/,smittenkitchen.com,True,ethereally smooth hummus – smitten kitchen,,,,,,,,,,,,,,,,
http://smittenkitchen.com/2014/10/the-crispy-egg/,smittenkitchen.com,True,the crispy egg – smitten kitchen,,,,,,,,,,,,,,,,
https://smittenkitchen.com/2020/04/how-i-stock-the-smitten-kitchen/#freezer,smittenkitchen.com,True,how i stock the smitten kitchen – smitten kitchen,,,,,,,,,,,,,,,,
http://smittenkitchen.com/2017/05/a-really-great-pot-of-chickpeas/,smittenkitchen.com,True,a really great pot of chickpeas – smitten kitchen,,,,,,,,,,,,,,,,
https://smittenkitchen.com/2008/11/mustard-roasted-potatoes/,smittenkitchen.com,True,mustard-roasted potatoes – smitten kitchen,,,,,,,,,,,,,,,,
https://smittenkitchen.com/2024/12/invisible-apple-cake/,smittenkitchen.com,True,invisible apple cake – smitten kitchen,,,,,,,,,,,,,,,,
http://smittenkitchen.com/2015/10/salted-peanut-butter-cookies/,smittenkitchen.com,True,salted peanut butter cookies – smitten kitchen,,,,,,,,,,,,,,,,
http://smittenkitchen.com/2019/07/frozen-watermelon-mojitos/,smittenkitchen.com,True,frozen watermelon mojitos – smitten kitchen,,,,,,,,,,,,,,,,
https://smittenkitchen.com/2015/01/make-your-own-vanilla-extract/,smittenkitchen.com,True,make your own vanilla extract – smitten kitchen,,,,,,,,,,,,,,,,
http://smittenkitchen.com/2012/07/bacon-corn-hash/,smittenkitchen.com,True,bacon corn hash – smitten kitchen,,,,,,,,,,,,,,,,
https://smittenkitchen.com/2021/04/sheet-pan-chow-mein/,smittenkitchen.com,True,sheet pan chow mein – smitten kitchen,,,,,,,,,,,,,,,,
https://smittenkitchen.com/2020/04/layered-yogurt-flatbreads/,smittenkitchen.com,True,layered yogurt flatbreads – smitten kitchen,,,,,,,,,,,,,,,,
https://smittenkitchen.com/2020/04/how-i-stock-the-smitten-kitchen/#masthead,smittenkitchen.com,True,how i stock the smitten kitchen – smitten kitchen,,,,,,,,,,,,,,,,
http://smittenkitchen.com/2016/06/the-consummate-chocolate-chip-cookie-revisited/,smittenkitchen.com,True,"the consummate chocolate chip cookie, revisited – smitten kitchen",,,,,,,,,,,,,,,,
https://smittenkitchen.com/2020/04/how-i-stock-the-smitten-kitchen/?share=twitter,smittenkitchen.com,True,X,,,,,,,,,,,,,,,,
https://smittenkitchen.com/2009/01/vanilla-almond-rice-pudding/,smittenkitchen.com,True,almond-vanilla rice pudding – smitten kitchen,,,,,,,,,,,,,,,,
http://smittenkitchen.com/2009/02/whole-lemon-tart/,smittenkitchen.com,True,whole lemon tart – smitten kitchen,,,,,,,,,,,,,,,,
https://smittenkitchen.com/recipe-collection/best-of-2020/,smittenkitchen.com,True,Best of 2020 – smitten kitchen,,,,,,,,,,,,,,,,
https://smittenkitchen.com/2020/09/whole-wheat-chocolate-oat-cookies/,smittenkitchen.com,True,whole wheat chocolate oat cookies – smitten kitchen,,,,,,,,,,,,,,,,
http://smittenkitchen.com/2019/04/cannellini-aglio-e-olio/,smittenkitchen.com,True,cannellini aglio e olio – smitten kitchen,,,,,,,,,,,,,,,,
http://smittenkitchen.com/2012/01/buttermilk-roast-chicken/,smittenkitchen.com,True,buttermilk roast chicken – smitten kitchen,,,,,,,,,,,,,,,,
http://smittenkitchen.com/2014/10/homemade-harissa/,smittenkitchen.com,True,homemade harissa – smitten kitchen,,,,,,,,,,,,,,,,
https://smittenkitchen.com/2010/02/how-to-make-an-overly-obsessive-spice-rack/,smittenkitchen.com,True,how to make an overly obsessive spice rack – smitten kitchen,,,,,,,,,,,,,,,,
https://smittenkitchen.com/2020/04/how-i-stock-the-smitten-kitchen/?share=facebook,smittenkitchen.com,True,Facebook,,,,,,,,,,,,,,,,
http://smittenkitchen.com/2010/04/easy-jam-tart/,smittenkitchen.com,True,easy jam tart – smitten kitchen,,,,,,,,,,,,,,,,
http://smittenkitchen.com/2009/05/broccoli-slaw/,smittenkitchen.com,True,broccoli slaw – smitten kitchen,,,,,,,,,,,,,,,,
http://smittenkitchen.com/2014/05/carrot-salad-with-tahini-and-crisped-chickpeas/,smittenkitchen.com,True,carrot salad with tahini and crisped chickpeas – smitten kitchen,,,,,,,,,,,,,,,,
http://smittenkitchen.com/2006/08/a-44-clove-ticket-to-a-happier-place/,smittenkitchen.com,True,44-clove garlic soup – smitten kitchen,,,,,,,,,,,,,,,,
https://smittenkitchen.com/2018/02/quick-essential-stovetop-mac-and-cheese/,smittenkitchen.com,True,"quick, essential stovetop mac-and-cheese – smitten kitchen",,,,,,,,,,,,,,,,
https://smittenkitchen.com/2016/08/burrata-with-lentils-and-basil-vinaigrette/,smittenkitchen.com,True,burrata with lentils and basil vinaigrette – smitten kitchen,,,,,,,,,,,,,,,,
http://smittenkitchen.com/2017/10/quick-pasta-and-chickpeas-pasta-e-ceci/,smittenkitchen.com,True,quick pasta and chickpeas – smitten kitchen,,,,,,,,,,,,,,,,
http://smittenkitchen.com/2008/04/whole-wheat-apple-muffins/,smittenkitchen.com,True,whole wheat apple muffins – smitten kitchen,,,,,,,,,,,,,,,,
http://smittenkitchen.com/2018/10/even-more-perfect-apple-pie/,smittenkitchen.com,True,even more perfect apple pie – smitten kitchen,,,,,,,,,,,,,,,,
http://smittenkitchen.com/2015/01/make-your-own-vanilla-extract/,smittenkitchen.com,True,make your own vanilla extract – smitten kitchen,,,,,,,,,,,,,,,,
http://smittenkitchen.com/2018/09/flapjacks/,smittenkitchen.com,True,flapjacks – smitten kitchen,,,,,,,,,,,,,,,,
https://smittenkitchen.com/2006/11/dream-a-little-dream-of-scone/,smittenkitchen.com,True,dreamy cream scones – smitten kitchen,,,,,,,,,,,,,,,,
https://smittenkitchen.com/2018/10/even-more-perfect-apple-pie/,smittenkitchen.com,True,even more perfect apple pie – smitten kitchen,,,,,,,,,,,,,,,,
http://smittenkitchen.com/2017/06/best-hot-fudge-sauce/,smittenkitchen.com,True,best hot fudge sauce – smitten kitchen,,,,,,,,,,,,,,,,
http://smittenkitchen.com/2017/10/chocolate-olive-oil-cake-more-book-tour/,smittenkitchen.com,True,chocolate olive oil cake – smitten kitchen,,,,,,,,,,,,,,,,
http://smittenkitchen.com/2006/11/one-for-the-sling-files/,smittenkitchen.com,True,no-knead bread – smitten kitchen,,,,,,,,,,,,,,,,
https://smittenkitchen.com/2020/03/ultimate-banana-bread/,smittenkitchen.com,True,ultimate banana bread – smitten kitchen,,,,,,,,,,,,,,,,
http://smittenkitchen.com/2017/03/punjabi-style-black-lentil-dal/,smittenkitchen.com,True,punjabi-style black lentils – smitten kitchen,,,,,,,,,,,,,,,,
https://smittenkitchen.com/recipes/pantry/?format=photo,smittenkitchen.com,True,Pantry – smitten kitchen,,,,,,,,,,,,,,,,
https://smittenkitchen.com/2013/07/one-pan-farro-with-tomatoes/,smittenkitchen.com,True,one-pan farro with tomatoes – smitten kitchen,,,,,,,,,,,,,,,,
http://smittenkitchen.com/2019/09/crisped-chickpeas-with-herbs-and-garlic-yogurt/,smittenkitchen.com,True,crisped chickpeas with herbs and garlic yogurt – smitten kitchen,,,,,,,,,,,,,,,,
http://smittenkitchen.com/2015/11/pecan-pie/,smittenkitchen.com,True,pecan pie – smitten kitchen,,,,,,,,,,,,,,,,
http://smittenkitchen.com/2007/11/nutmeg-maple-cream-pie/,smittenkitchen.com,True,nutmeg-maple cream pie – smitten kitchen,,,,,,,,,,,,,,,,
https://smittenkitchen.com/2017/03/easiest-french-fries/,smittenkitchen.com,True,easiest french fries – smitten kitchen,,,,,,,,,,,,,,,,
http://smittenkitchen.com/2019/11/roasted-cabbage-with-walnuts-and-parmesan/,smittenkitchen.com,True,roasted cabbage with walnuts and parmesan – smitten kitchen,,,,,,,,,,,,,,,,
http://smittenkitchen.com/2018/09/breakfast-burritos/,smittenkitchen.com,True,breakfast burritos – smitten kitchen,,,,,,,,,,,,,,,,
https://smittenkitchen.com/2019/08/black-pepper-tofu-and-eggplant/,smittenkitchen.com,True,black pepper tofu and eggplant – smitten kitchen,,,,,,,,,,,,,,,,
http://smittenkitchen.com/2019/05/potato-vareniki/,smittenkitchen.com,True,potato vareniki – smitten kitchen,,,,,,,,,,,,,,,,
http://smittenkitchen.com/2020/02/perfect-vegetable-lasagna/,smittenkitchen.com,True,perfect vegetable lasagna – smitten kitchen,,,,,,,,,,,,,,,,
https://smittenkitchen.com/2013/10/miso-sweet-potato-and-broccoli-bowl/,smittenkitchen.com,True,miso sweet potato and broccoli bowl – smitten kitchen,,,,,,,,,,,,,,,,
http://smittenkitchen.com/2015/10/my-old-school-baked-ziti/,smittenkitchen.com,True,my old-school baked ziti – smitten kitchen,,,,,,,,,,,,,,,,
http://smittenkitchen.com/2019/12/unfussy-sugar-cookies/,smittenkitchen.com,True,unfussy sugar cookies – smitten kitchen,,,,,,,,,,,,,,,,
http://smittenkitchen.com/2009/02/crispy-black-bean-tacos-with-feta-and-slaw/,smittenkitchen.com,True,crisp black bean tacos with feta and slaw – smitten kitchen,,,,,,,,,,,,,,,,
https://smittenkitchen.com/2020/04/how-i-stock-the-smitten-kitchen/#pantry,smittenkitchen.com,True,how i stock the smitten kitchen – smitten kitchen,,,,,,,,,,,,,,,,
https://smittenkitchen.com/2020/04/how-i-stock-the-smitten-kitchen/#produce,smittenkitchen.com,True,how i stock the smitten kitchen – smitten kitchen,,,,,,,,,,,,,,,,
http://smittenkitchen.com/2016/05/confetti-cookies/,smittenkitchen.com,True,confetti cookies – smitten kitchen,,,,,,,,,,,,,,,,
http://smittenkitchen.com/2017/09/pizza-beans-cookbook-preview/,smittenkitchen.com,True,pizza beans – smitten kitchen,,,,,,,,,,,,,,,,
https://smittenkitchen.com/2020/04/how-i-stock-the-smitten-kitchen/#fridge,smittenkitchen.com,True,how i stock the smitten kitchen – smitten kitchen,,,,,,,,,,,,,,,,
http://smittenkitchen.com/2014/07/easiest-fridge-dill-pickles/,smittenkitchen.com,True,easiest fridge dill pickles – smitten kitchen,,,,,,,,,,,,,,,,
http://smittenkitchen.com/2006/09/the-great-souse/,smittenkitchen.com,True,giardiniera – smitten kitchen,,,,,,,,,,,,,,,,
https://smittenkitchen.com/2020/04/how-i-stock-the-smitten-kitchen/#content,smittenkitchen.com,True,how i stock the smitten kitchen – smitten kitchen,,,,,,,,,,,,,,,,
http://smittenkitchen.com/2013/06/pickled-vegetable-sandwich-slaw/,smittenkitchen.com,True,pickled vegetable sandwich slaw – smitten kitchen,,,,,,,,,,,,,,,,
http://smittenkitchen.com/2010/02/ginger-fried-rice/,smittenkitchen.com,True,ginger fried rice – smitten kitchen,,,,,,,,,,,,,,,,
http://smittenkitchen.com/2009/02/steak-sandwiches/,smittenkitchen.com,True,steak sandwiches – smitten kitchen,,,,,,,,,,,,,,,,
https://smittenkitchen.com/2020/04/how-i-stock-the-smitten-kitchen/#feedingothers,smittenkitchen.com,True,how i stock the smitten kitchen – smitten kitchen,,,,,,,,,,,,,,,,
https://smittenkitchen.com/2020/04/how-i-stock-the-smitten-kitchen/#notes,smittenkitchen.com,True,how i stock the smitten kitchen – smitten kitchen,,,,,,,,,,,,,,,,
http://smittenkitchen.com/2007/07/double-chocolate-layer-cake/,smittenkitchen.com,True,double chocolate layer cake – smitten kitchen,,,,,,,,,,,,,,,,
http://smittenkitchen.com/2018/04/crispy-tofu-pad-thai/,smittenkitchen.com,True,crispy tofu pad thai – smitten kitchen,,,,,,,,,,,,,,,,
https://smittenkitchen.com/2014/01/parmesan-broth-with-kale-and-white-beans/,smittenkitchen.com,True,parmesan broth with kale and white beans – smitten kitchen,,,,,,,,,,,,,,,,
https://smittenkitchen.com/2019/01/crispy-rice-and-egg-bowl-with-ginger-scallion-vinaigrette/,smittenkitchen.com,True,crispy rice and egg bowl with ginger-scallion vinaigrette – smitten kitchen,,,,,,,,,,,,,,,,
http://smittenkitchen.com/2008/04/caramelized-shallots/,smittenkitchen.com,True,caramelized shallots – smitten kitchen,,,,,,,,,,,,,,,,
http://smittenkitchen.com/2018/02/slow-roasted-sweet-potatoes/,smittenkitchen.com,True,slow-roasted sweet potatoes – smitten kitchen,,,,,,,,,,,,,,,,
http://smittenkitchen.com/2018/09/foolproof-cacio-e-pepe/,smittenkitchen.com,True,foolproof cacio e pepe – smitten kitchen,,,,,,,,,,,,,,,,
http://smittenkitchen.com/2007/06/everyday-yellow-dal/,smittenkitchen.com,True,everyday yellow dal – smitten kitchen,,,,,,,,,,,,,,,,
http://smittenkitchen.com/2010/01/tomato-sauce-with-butter-and-onions/,smittenkitchen.com,True,tomato sauce with onion and butter – smitten kitchen,,,,,,,,,,,,,,,,
https://smittenkitchen.com/2019/05/braised-ginger-meatballs-in-coconut-broth/,smittenkitchen.com,True,braised ginger meatballs in coconut broth – smitten kitchen,,,,,,,,,,,,,,,,
https://smittenkitchen.com/2020/04/how-i-stock-the-smitten-kitchen/#respond,smittenkitchen.com,True,how i stock the smitten kitchen – smitten kitchen,,,,,,,,,,,,,,,,
http://smittenkitchen.com/2014/11/pickled-cabbage-salad/,smittenkitchen.com,True,pickled cabbage salad – smitten kitchen,,,,,,,,,,,,,,,,
http://smittenkitchen.com/2008/09/majestic-and-moist-honey-cake/,smittenkitchen.com,True,majestic and moist honey cake – smitten kitchen,,,,,,,,,,,,,,,,
https://smittenkitchen.com/./recipes/course/drinks/?format=photo,smittenkitchen.com,True,Drinks – smitten kitchen,,,,,,,,,,,,,,,,
https://smittenkitchen.com/./recipes/method/sheet-pan/?format=photo,smittenkitchen.com,True,Sheet Pan – smitten kitchen,,,,,,,,,,,,,,,,
https://smittenkitchen.com/./recipes/course/soup/?format=photo,smittenkitchen.com,True,Soup – smitten kitchen,,,,,,,,,,,,,,,,
https://smittenkitchen.com/./recipes/fruit/figs/?format=photo,smittenkitchen.com,True,Figs – smitten kitchen,,,,,,,,,,,,,,,,
https://smittenkitchen.com/./recipes/course/waffles/?format=photo,smittenkitchen.com,True,Waffles – smitten kitchen,,,,,,,,,,,,,,,,
https://smittenkitchen.com/./recipes/method/casserole/?format=photo,smittenkitchen.com,True,Casserole – smitten kitchen,,,,,,,,,,,,,,,,
https://smittenkitchen.com/./recipes/method/instant-pot/?format=photo,smittenkitchen.com,True,InstantPot + Multi-Cooker – smitten kitchen,,,,,,,,,,,,,,,,
https://smittenkitchen.com/./recipes/fruit/blackberries/?format=photo,smittenkitchen.com,True,Blackberries – smitten kitchen,,,,,,,,,,,,,,,,
https://smittenkitchen.com/./recipes/course/brunch/?format=photo,smittenkitchen.com,True,Brunch – smitten kitchen,,,,,,,,,,,,,,,,
https://smittenkitchen.com/./recipes/sweets/ice-cream-sorbet-popsicles/?format=photo,smittenkitchen.com,True,"Ice Cream, Sorbet, and Popsicles – smitten kitchen",,,,,,,,,,,,,,,,
https://smittenkitchen.com/./recipes/course/pizza/?format=photo,smittenkitchen.com,True,Pizza – smitten kitchen,,,,,,,,,,,,,,,,
https://smittenkitchen.com/2013/10/miso-sweet-potato-and-broccoli-bowl/,smittenkitchen.com,True,miso sweet potato and broccoli bowl – smitten kitchen,,,,,,,,,,,,,,,,
https://smittenkitchen.com/./recipes/vegetable/tomatoes/?format=photo,smittenkitchen.com,True,Tomatoes – smitten kitchen,,,,,,,,,,,,,,,,
https://smittenkitchen.com/./recipes/vegetable/greens/escarole/?format=photo,smittenkitchen.com,True,Escarole – smitten kitchen,,,,,,,,,,,,,,,,
https://smittenkitchen.com/./recipes/fruit/raspberries/?format=photo,smittenkitchen.com,True,Raspberries – smitten kitchen,,,,,,,,,,,,,,,,
https://smittenkitchen.com/./recipes/course/savory-condiments/?format=photo,smittenkitchen.com,True,Savory Condiments – smitten kitchen,,,,,,,,,,,,,,,,
https://smittenkitchen.com/./recipes/fruit/avocado/?format=photo,smittenkitchen.com,True,Avocado – smitten kitchen,,,,,,,,,,,,,,,,
https://smittenkitchen.com/./recipes/vegetable/broccoli/?format=photo,smittenkitchen.com,True,Broccoli – smitten kitchen,,,,,,,,,,,,,,,,
https://smittenkitchen.com/./recipes/diet/vegetarian/?format=photo,smittenkitchen.com,True,Vegetarian – smitten kitchen,,,,,,,,,,,,,,,,
https://smittenkitchen.com/./recipes/vegetable/winter-squash/?format=photo,smittenkitchen.com,True,Winter Squash – smitten kitchen,,,,,,,,,,,,,,,,
https://smittenkitchen.com/./recipes/sweets/cookie/?format=photo,smittenkitchen.com,True,Cookie – smitten kitchen,,,,,,,,,,,,,,,,
https://smittenkitchen.com/./recipes/season/spring/?format=photo,smittenkitchen.com,True,Spring – smitten kitchen,,,,,,,,,,,,,,,,
https://smittenkitchen.com/./recipes/cuisine/chinese/?format=photo,smittenkitchen.com,True,Chinese – smitten kitchen,,,,,,,,,,,,,,,,
https://smittenkitchen.com/./recipes/vegetable/brussels-sprouts/?format=photo,smittenkitchen.com,True,Brussels Sprouts – smitten kitchen,,,,,,,,,,,,,,,,
https://smittenkitchen.com/./recipes/cuisine/north-african/?format=photo,smittenkitchen.com,True,North African – smitten kitchen,,,,,,,,,,,,,,,,
https://smittenkitchen.com/./recipes/vegetable/corn/?format=photo,smittenkitchen.com,True,Corn – smitten kitchen,,,,,,,,,,,,,,,,
https://smittenkitchen.com/./recipes/cuisine/japanese/?format=photo,smittenkitchen.com,True,Japanese – smitten kitchen,,,,,,,,,,,,,,,,
https://smittenkitchen.com/./recipes/fruit/cherries/?format=photo,smittenkitchen.com,True,Cherries – smitten kitchen,,,,,,,,,,,,,,,,
https://smittenkitchen.com/./recipes/holiday/christmas/?format=photo,smittenkitchen.com,True,Christmas – smitten kitchen,,,,,,,,,,,,,,,,
https://smittenkitchen.com/./recipes/course/put-an-egg-on-it/?format=photo,smittenkitchen.com,True,Put An Egg On It – smitten kitchen,,,,,,,,,,,,,,,,
https://smittenkitchen.com/./recipes/holiday/game-day/?format=photo,smittenkitchen.com,True,Game Day – smitten kitchen,,,,,,,,,,,,,,,,
https://smittenkitchen.com/./recipes/ingredient/coconut/?format=photo,smittenkitchen.com,True,Coconut – smitten kitchen,,,,,,,,,,,,,,,,
https://smittenkitchen.com/./recipes/course/scones-biscuits/?format=photo,smittenkitchen.com,True,Scones/Biscuits – smitten kitchen,,,,,,,,,,,,,,,,
https://smittenkitchen.com/./recipes/cuisine/german/?format=photo,smittenkitchen.com,True,German – smitten kitchen,,,,,,,,,,,,,,,,
https://smittenkitchen.com/recipes,smittenkitchen.com,True,Recipe – smitten kitchen,,,,,,,,,,,,,,,,
https://smittenkitchen.com/./recipes/holiday/passover/?format=photo,smittenkitchen.com,True,Passover – smitten kitchen,,,,,,,,,,,,,,,,
https://smittenkitchen.com/./recipes/course/muffin/?format=photo,smittenkitchen.com,True,Muffin/Quick Bread – smitten kitchen,,,,,,,,,,,,,,,,
https://smittenkitchen.com/./recipes/cuisine/spanish/?format=photo,smittenkitchen.com,True,Spanish – smitten kitchen,,,,,,,,,,,,,,,,
https://smittenkitchen.com/2024/12/invisible-apple-cake/,smittenkitchen.com,True,invisible apple cake – smitten kitchen,,,,,,,,,,,,,,,,
https://smittenkitchen.com/./recipes/ingredient/cheese/?format=photo,smittenkitchen.com,True,Cheese – smitten kitchen,,,,,,,,,,,,,,,,
https://smittenkitchen.com/./recipes/fruit/lemon/?format=photo,smittenkitchen.com,True,Lemon – smitten kitchen,,,,,,,,,,,,,,,,
https://smittenkitchen.com/./recipes/course/snack/?format=photo,smittenkitchen.com,True,Snack – smitten kitchen,,,,,,,,,,,,,,,,
https://smittenkitchen.com/./recipes/method/pickled/?format=photo,smittenkitchen.com,True,Pickled – smitten kitchen,,,,,,,,,,,,,,,,
https://smittenkitchen.com/2012/08/my-favorite-brownies/,smittenkitchen.com,True,my favorite brownies – smitten kitchen,,,,,,,,,,,,,,,,
https://smittenkitchen.com/2020/04/how-i-stock-the-smitten-kitchen/,smittenkitchen.com,True,how i stock the smitten kitchen – smitten kitchen,,,,,,,,,,,,,,,,
https://smittenkitchen.com/./recipes/course/salad/?format=photo,smittenkitchen.com,True,Salad – smitten kitchen,,,,,,,,,,,,,,,,
https://smittenkitchen.com/./recipes/savory-projects/?format=photo,smittenkitchen.com,True,Savory Projects – smitten kitchen,,,,,,,,,,,,,,,,
https://smittenkitchen.com/./recipes/vegetable/summer-squash/?format=photo,smittenkitchen.com,True,Summer Squash – smitten kitchen,,,,,,,,,,,,,,,,
https://smittenkitchen.com/./recipes/cuisine/russian/?format=photo,smittenkitchen.com,True,Russian – smitten kitchen,,,,,,,,,,,,,,,,
https://smittenkitchen.com/./recipes/fruit/pineapple/?format=photo,smittenkitchen.com,True,Pineapple – smitten kitchen,,,,,,,,,,,,,,,,
https://smittenkitchen.com/./recipes/holiday/date-night/?format=photo,smittenkitchen.com,True,Date Night – smitten kitchen,,,,,,,,,,,,,,,,
https://smittenkitchen.com/./recipes/cuisine/vietnamese/?format=photo,smittenkitchen.com,True,Vietnamese – smitten kitchen,,,,,,,,,,,,,,,,
https://smittenkitchen.com/./recipes/disasters/?format=photo,smittenkitchen.com,True,Disasters – smitten kitchen,,,,,,,,,,,,,,,,
https://smittenkitchen.com/./recipes/diet/baby/?format=photo,smittenkitchen.com,True,Baby Food – smitten kitchen,,,,,,,,,,,,,,,,
https://smittenkitchen.com/./recipes/season/fall/?format=photo,smittenkitchen.com,True,Fall – smitten kitchen,,,,,,,,,,,,,,,,
https://smittenkitchen.com/./recipes/method/braiser/?format=photo,smittenkitchen.com,True,Braiser – smitten kitchen,,,,,,,,,,,,,,,,
https://smittenkitchen.com/./recipes/ingredient/meat/pork-meat/?format=photo,smittenkitchen.com,True,Pork – smitten kitchen,,,,,,,,,,,,,,,,
https://smittenkitchen.com/2021/04/sheet-pan-chow-mein/,smittenkitchen.com,True,sheet pan chow mein – smitten kitchen,,,,,,,,,,,,,,,,
https://smittenkitchen.com/./recipes/vegetable/cabbage/?format=photo,smittenkitchen.com,True,Cabbage – smitten kitchen,,,,,,,,,,,,,,,,
https://smittenkitchen.com/./recipes/sweets/dessert-sauces/?format=photo,smittenkitchen.com,True,Dessert Sauces – smitten kitchen,,,,,,,,,,,,,,,,
https://smittenkitchen.com/./recipes/sweets/bars-brownies-blondies/?format=photo,smittenkitchen.com,True,"Bars, Brownies, and Blondies – smitten kitchen",,,,,,,,,,,,,,,,
https://smittenkitchen.com/./recipes/course/appetizers/?format=photo,smittenkitchen.com,True,Appetizers – smitten kitchen,,,,,,,,,,,,,,,,
https://smittenkitchen.com/./recipes/ingredient/meat/lamb/?format=photo,smittenkitchen.com,True,Lamb – smitten kitchen,,,,,,,,,,,,,,,,
https://smittenkitchen.com/./recipes/vegetable/greens/spinach/?format=photo,smittenkitchen.com,True,Spinach – smitten kitchen,,,,,,,,,,,,,,,,
https://smittenkitchen.com/./recipes/diet/gluten-free/?format=photo,smittenkitchen.com,True,Gluten-Free – smitten kitchen,,,,,,,,,,,,,,,,
https://smittenkitchen.com/./recipes/diet/dairy-free/?format=photo,smittenkitchen.com,True,Dairy-Free – smitten kitchen,,,,,,,,,,,,,,,,
https://smittenkitchen.com/./recipes/course/tart/?format=photo,smittenkitchen.com,True,Tarts/Quiche – smitten kitchen,,,,,,,,,,,,,,,,
https://smittenkitchen.com/./recipes/ingredient/eggs/?format=photo,smittenkitchen.com,True,Eggs – smitten kitchen,,,,,,,,,,,,,,,,
https://smittenkitchen.com/./recipes/fruit/grapefruit/?format=photo,smittenkitchen.com,True,Grapefruit – smitten kitchen,,,,,,,,,,,,,,,,
https://smittenkitchen.com/./recipes/method/grilling/?format=photo,smittenkitchen.com,True,Grilling – smitten kitchen,,,,,,,,,,,,,,,,
https://smittenkitchen.com/./recipes/vegetable/green-beans/?format=photo,smittenkitchen.com,True,Green Beans – smitten kitchen,,,,,,,,,,,,,,,,
https://smittenkitchen.com/./recipes/fruit/citrus/?format=photo,smittenkitchen.com,True,Citrus – smitten kitchen,,,,,,,,,,,,,,,,
https://smittenkitchen.com/./recipes/course/pasta/?format=photo,smittenkitchen.com,True,Pasta – smitten kitchen,,,,,,,,,,,,,,,,
https://smittenkitchen.com/./recipes/vegetable/peppers/?format=photo,smittenkitchen.com,True,Peppers – smitten kitchen,,,,,,,,,,,,,,,,
https://smittenkitchen.com/./recipes/vegetable/zucchini/?format=photo,smittenkitchen.com,True,Zucchini – smitten kitchen,,,,,,,,,,,,,,,,
https://smittenkitchen.com/./recipes/vegetable/greens/radicchio/?format=photo,smittenkitchen.com,True,Radicchio – smitten kitchen,,,,,,,,,,,,,,,,
https://smittenkitchen.com/./recipes/ingredient/brown-butter/?format=photo,smittenkitchen.com,True,Brown Butter – smitten kitchen,,,,,,,,,,,,,,,,
https://smittenkitchen.com/./recipes/course/pancakes/?format=photo,smittenkitchen.com,True,Pancakes – smitten kitchen,,,,,,,,,,,,,,,,
https://smittenkitchen.com/./recipes/holiday/food-gifts/?format=photo,smittenkitchen.com,True,Food Gifts – smitten kitchen,,,,,,,,,,,,,,,,
https://smittenkitchen.com/./recipes/vegetable/eggplant/?format=photo,smittenkitchen.com,True,Eggplant – smitten kitchen,,,,,,,,,,,,,,,,
https://smittenkitchen.com/./recipes/fruit/cranberries/?format=photo,smittenkitchen.com,True,Cranberries – smitten kitchen,,,,,,,,,,,,,,,,
https://smittenkitchen.com/./recipes/ingredient/meat/beef/?format=photo,smittenkitchen.com,True,Beef – smitten kitchen,,,,,,,,,,,,,,,,
https://smittenkitchen.com/2017/09/pizza-beans/,smittenkitchen.com,True,pizza beans – smitten kitchen,,,,,,,,,,,,,,,,
https://smittenkitchen.com/./recipes/cuisine/french/?format=photo,smittenkitchen.com,True,French – smitten kitchen,,,,,,,,,,,,,,,,
https://smittenkitchen.com/./recipes/method/slow-cooker/?format=photo,smittenkitchen.com,True,Slow Cooker – smitten kitchen,,,,,,,,,,,,,,,,
https://smittenkitchen.com/2025/02/ziti-chickpeas-with-sausage-and-kale/,smittenkitchen.com,True,ziti chickpeas with sausage and kale – smitten kitchen,,,,,,,,,,,,,,,,
https://smittenkitchen.com/./recipes/best-of-smitten-kitchen/?format=photo,smittenkitchen.com,True,Best of Smitten Kitchen – smitten kitchen,,,,,,,,,,,,,,,,
https://smittenkitchen.com/./recipes/cuisine/portuguese/?format=photo,smittenkitchen.com,True,Portuguese – smitten kitchen,,,,,,,,,,,,,,,,
https://smittenkitchen.com/./recipes/vegetable/onion/?format=photo,smittenkitchen.com,True,Onions – smitten kitchen,,,,,,,,,,,,,,,,
https://smittenkitchen.com/./recipes/season/winter/?format=photo,smittenkitchen.com,True,Winter – smitten kitchen,,,,,,,,,,,,,,,,
https://smittenkitchen.com/./recipes/cuisine/italian/?format=photo,smittenkitchen.com,True,Italian – smitten kitchen,,,,,,,,,,,,,,,,
https://smittenkitchen.com/./recipes/course/breakfast/?format=photo,smittenkitchen.com,True,Breakfast – smitten kitchen,,,,,,,,,,,,,,,,
https://smittenkitchen.com/./recipes/holiday/hanukkah/?format=photo,smittenkitchen.com,True,Hanukkah – smitten kitchen,,,,,,,,,,,,,,,,
https://smittenkitchen.com/./recipes/ingredient/pantry/?format=photo,smittenkitchen.com,True,Pantry – smitten kitchen,,,,,,,,,,,,,,,,
https://smittenkitchen.com/./recipes/fruit/apple/?format=photo,smittenkitchen.com,True,Apple – smitten kitchen,,,,,,,,,,,,,,,,
https://smittenkitchen.com/./recipes/season/summer/?format=photo,smittenkitchen.com,True,Summer – smitten kitchen,,,,,,,,,,,,,,,,
https://smittenkitchen.com/./recipes/cuisine/travel/?format=photo,smittenkitchen.com,True,Travel – smitten kitchen,,,,,,,,,,,,,,,,
https://smittenkitchen.com/./recipes/vegetable/radishes/?format=photo,smittenkitchen.com,True,Radishes – smitten kitchen,,,,,,,,,,,,,,,,
https://smittenkitchen.com/./recipes/fruit/mango/?format=photo,smittenkitchen.com,True,Mango – smitten kitchen,,,,,,,,,,,,,,,,
https://smittenkitchen.com/./recipes/fruit/peach-nectarine/?format=photo,smittenkitchen.com,True,Peach / Nectarine – smitten kitchen,,,,,,,,,,,,,,,,
https://smittenkitchen.com/./recipes/method/freezer-friendly/?format=photo,smittenkitchen.com,True,Freezer Friendly – smitten kitchen,,,,,,,,,,,,,,,,
https://smittenkitchen.com/./recipes/sweets/doughnut/?format=photo,smittenkitchen.com,True,Doughnut – smitten kitchen,,,,,,,,,,,,,,,,
https://smittenkitchen.com/./recipes/vegetable/celery/?format=photo,smittenkitchen.com,True,Celery – smitten kitchen,,,,,,,,,,,,,,,,
https://smittenkitchen.com/./recipes/course/picnics/?format=photo,smittenkitchen.com,True,Picnics – smitten kitchen,,,,,,,,,,,,,,,,
https://smittenkitchen.com/./recipes/vegetable/fennel/?format=photo,smittenkitchen.com,True,Fennel – smitten kitchen,,,,,,,,,,,,,,,,
https://smittenkitchen.com/./recipes/vegetable/ramps/?format=photo,smittenkitchen.com,True,Ramps – smitten kitchen,,,,,,,,,,,,,,,,
https://smittenkitchen.com/./recipes/vegetable/cauliflower/?format=photo,smittenkitchen.com,True,Cauliflower – smitten kitchen,,,,,,,,,,,,,,,,
https://smittenkitchen.com/./recipes/course/bread/?format=photo,smittenkitchen.com,True,Bread – smitten kitchen,,,,,,,,,,,,,,,,
https://smittenkitchen.com/./recipes/cuisine/british/?format=photo,smittenkitchen.com,True,British – smitten kitchen,,,,,,,,,,,,,,,,
https://smittenkitchen.com/./recipes/vegetable/potatoes/?format=photo,smittenkitchen.com,True,Potatoes – smitten kitchen,,,,,,,,,,,,,,,,
https://smittenkitchen.com/./recipes/vegetable/greens/?format=photo,smittenkitchen.com,True,Greens – smitten kitchen,,,,,,,,,,,,,,,,
https://smittenkitchen.com/2020/09/whole-wheat-chocolate-oat-cookies/,smittenkitchen.com,True,whole wheat chocolate oat cookies – smitten kitchen,,,,,,,,,,,,,,,,
https://smittenkitchen.com/./recipes/cuisine/irish/?format=photo,smittenkitchen.com,True,Irish – smitten kitchen,,,,,,,,,,,,,,,,
https://smittenkitchen.com/./recipes/fruit/strawberries/?format=photo,smittenkitchen.com,True,Strawberries – smitten kitchen,,,,,,,,,,,,,,,,
https://smittenkitchen.com/./recipes/course/side-dish/?format=photo,smittenkitchen.com,True,Side Dish – smitten kitchen,,,,,,,,,,,,,,,,
https://smittenkitchen.com/./recipes/sweets/everyday-cakes/?format=photo,smittenkitchen.com,True,Everyday Cakes – smitten kitchen,,,,,,,,,,,,,,,,
https://smittenkitchen.com/./recipes/holiday/thanksgiving/?format=photo,smittenkitchen.com,True,Thanksgiving – smitten kitchen,,,,,,,,,,,,,,,,
https://smittenkitchen.com/./recipes/budget/?format=photo,smittenkitchen.com,True,Budget – smitten kitchen,,,,,,,,,,,,,,,,
https://smittenkitchen.com/./recipes/vegetable/asparagus/?format=photo,smittenkitchen.com,True,Asparagus – smitten kitchen,,,,,,,,,,,,,,,,
https://smittenkitchen.com/./recipes/course/dumplings/?format=photo,smittenkitchen.com,True,Dumplings – smitten kitchen,,,,,,,,,,,,,,,,
https://smittenkitchen.com/./recipes/holiday/ramadan/?format=photo,smittenkitchen.com,True,Ramadan – smitten kitchen,,,,,,,,,,,,,,,,
https://smittenkitchen.com/./recipes/vegetable/winter-squash/pumpkin/?format=photo,smittenkitchen.com,True,Pumpkin – smitten kitchen,,,,,,,,,,,,,,,,
https://smittenkitchen.com/2020/03/ultimate-banana-bread/,smittenkitchen.com,True,ultimate banana bread – smitten kitchen,,,,,,,,,,,,,,,,
https://smittenkitchen.com/./recipes/quick/?format=photo,smittenkitchen.com,True,Quick – smitten kitchen,,,,,,,,,,,,,,,,
https://smittenkitchen.com/./recipes/fruit/cantaloupe/?format=photo,smittenkitchen.com,True,Cantaloupe – smitten kitchen,,,,,,,,,,,,,,,,
https://smittenkitchen.com/./recipes/fruit/dates/?format=photo,smittenkitchen.com,True,Dates – smitten kitchen,,,,,,,,,,,,,,,,
https://smittenkitchen.com/./recipes/ingredient/seafood/?format=photo,smittenkitchen.com,True,Seafood – smitten kitchen,,,,,,,,,,,,,,,,
https://smittenkitchen.com/./recipes/vegetable/peas/?format=photo,smittenkitchen.com,True,Peas – smitten kitchen,,,,,,,,,,,,,,,,
https://smittenkitchen.com/2010/08/perfect-blueberry-muffins/,smittenkitchen.com,True,perfect blueberry muffins – smitten kitchen,,,,,,,,,,,,,,,,
https://smittenkitchen.com/./recipes/vegetable/greens/arugula/?format=photo,smittenkitchen.com,True,Arugula – smitten kitchen,,,,,,,,,,,,,,,,
https://smittenkitchen.com/./recipes/sweets/tarts-pies/?format=photo,smittenkitchen.com,True,Tarts/Pies – smitten kitchen,,,,,,,,,,,,,,,,
https://smittenkitchen.com/./recipes/sweets/wedding-cake/?format=photo,smittenkitchen.com,True,Wedding Cake – smitten kitchen,,,,,,,,,,,,,,,,
https://smittenkitchen.com/./recipes/holiday/easter/?format=photo,smittenkitchen.com,True,Easter – smitten kitchen,,,,,,,,,,,,,,,,
https://smittenkitchen.com/./recipes/sweets/celebration-cakes/?format=photo,smittenkitchen.com,True,Celebration Cakes – smitten kitchen,,,,,,,,,,,,,,,,
https://smittenkitchen.com/recipes/,smittenkitchen.com,True,Recipe – smitten kitchen,,,,,,,,,,,,,,,,
https://smittenkitchen.com/./recipes/cuisine/thai/?format=photo,smittenkitchen.com,True,Thai – smitten kitchen,,,,,,,,,,,,,,,,
https://smittenkitchen.com/./recipes/kid-favorites/?format=photo,smittenkitchen.com,True,Kid Favorites – smitten kitchen,,,,,,,,,,,,,,,,
https://smittenkitchen.com/./recipes/cuisine/jewish/?format=photo,smittenkitchen.com,True,Jewish – smitten kitchen,,,,,,,,,,,,,,,,
https://smittenkitchen.com/./recipes/ingredient/beans/?format=photo,smittenkitchen.com,True,Beans – smitten kitchen,,,,,,,,,,,,,,,,
https://smittenkitchen.com/./recipes/course/dinner/?format=photo,smittenkitchen.com,True,Dinner – smitten kitchen,,,,,,,,,,,,,,,,
https://smittenkitchen.com/./recipes/cuisine/brazilian/?format=photo,smittenkitchen.com,True,Brazilian – smitten kitchen,,,,,,,,,,,,,,,,
https://smittenkitchen.com/./recipes/course/sandwich/?format=photo,smittenkitchen.com,True,Sandwich – smitten kitchen,,,,,,,,,,,,,,,,
https://smittenkitchen.com/2017/09/marbled-banana-bread/,smittenkitchen.com,True,marbled banana bread – smitten kitchen,,,,,,,,,,,,,,,,
https://smittenkitchen.com/./recipes/vegetable/parsnips/?format=photo,smittenkitchen.com,True,Parsnips – smitten kitchen,,,,,,,,,,,,,,,,
https://smittenkitchen.com/./recipes/fruit/blueberries/?format=photo,smittenkitchen.com,True,Blueberries – smitten kitchen,,,,,,,,,,,,,,,,
https://smittenkitchen.com/./recipes/vegetable/mushrooms/?format=photo,smittenkitchen.com,True,Mushrooms – smitten kitchen,,,,,,,,,,,,,,,,
https://smittenkitchen.com/./recipes/vegetable/leeks/?format=photo,smittenkitchen.com,True,Leeks – smitten kitchen,,,,,,,,,,,,,,,,
https://smittenkitchen.com/./recipes/vegetable/artichokes/?format=photo,smittenkitchen.com,True,Artichokes – smitten kitchen,,,,,,,,,,,,,,,,
https://smittenkitchen.com/./recipes/diet/vegan/?format=photo,smittenkitchen.com,True,Vegan – smitten kitchen,,,,,,,,,,,,,,,,
https://smittenkitchen.com/./recipes/sweets/sweet-projects/?format=photo,smittenkitchen.com,True,Sweet Projects – smitten kitchen,,,,,,,,,,,,,,,,
https://smittenkitchen.com/./recipes/ingredient/grain/?format=photo,smittenkitchen.com,True,Grain/Rice – smitten kitchen,,,,,,,,,,,,,,,,
https://smittenkitchen.com/./recipes/fruit/pear/?format=photo,smittenkitchen.com,True,Pear – smitten kitchen,,,,,,,,,,,,,,,,
https://smittenkitchen.com/./recipes/vegetable/carrots/?format=photo,smittenkitchen.com,True,Carrots – smitten kitchen,,,,,,,,,,,,,,,,
https://smittenkitchen.com/./recipes/vegetable/greens/swiss-chard/?format=photo,smittenkitchen.com,True,Swiss Chard – smitten kitchen,,,,,,,,,,,,,,,,
https://smittenkitchen.com/./recipes/cuisine/middle-eastern/?format=photo,smittenkitchen.com,True,Middle Eastern – smitten kitchen,,,,,,,,,,,,,,,,
https://smittenkitchen.com/./recipes/ingredient/meat/chicken/?format=photo,smittenkitchen.com,True,Chicken – smitten kitchen,,,,,,,,,,,,,,,,
https://smittenkitchen.com/./recipes/sweets/crumbles-crisps/?format=photo,smittenkitchen.com,True,Crumbles/Crisps – smitten kitchen,,,,,,,,,,,,,,,,
https://smittenkitchen.com/./recipes/cuisine/indian/?format=photo,smittenkitchen.com,True,Indian – smitten kitchen,,,,,,,,,,,,,,,,
https://smittenkitchen.com/./recipes/ingredient/bourbon/?format=photo,smittenkitchen.com,True,Bourbon – smitten kitchen,,,,,,,,,,,,,,,,
https://smittenkitchen.com/./recipes/vegetable/greens/broccoli-rabe/?format=photo,smittenkitchen.com,True,Broccoli Rabe – smitten kitchen,,,,,,,,,,,,,,,,
https://smittenkitchen.com/./recipes/cuisine/greek/?format=photo,smittenkitchen.com,True,Greek – smitten kitchen,,,,,,,,,,,,,,,,
https://smittenkitchen.com/./recipes/5-ingredients-or-fewer/?format=photo,smittenkitchen.com,True,5 Ingredients or Fewer – smitten kitchen,,,,,,,,,,,,,,,,
https://smittenkitchen.com/./recipes/sweets/candy/?format=photo,smittenkitchen.com,True,Candy – smitten kitchen,,,,,,,,,,,,,,,,
https://smittenkitchen.com/./recipes/course/party-snacks/?format=photo,smittenkitchen.com,True,Party Snacks – smitten kitchen,,,,,,,,,,,,,,,,
https://smittenkitchen.com/./recipes/vegetable/cucumber/?format=photo,smittenkitchen.com,True,Cucumber – smitten kitchen,,,,,,,,,,,,,,,,
https://smittenkitchen.com/./recipes/fruit/rhubarb/?format=photo,smittenkitchen.com,True,Rhubarb – smitten kitchen,,,,,,,,,,,,,,,,
https://smittenkitchen.com/./recipes/sweets/chocolate/?format=photo,smittenkitchen.com,True,Chocolate – smitten kitchen,,,,,,,,,,,,,,,,
https://smittenkitchen.com/./recipes/fruit/bananas/?format=photo,smittenkitchen.com,True,Bananas – smitten kitchen,,,,,,,,,,,,,,,,
https://smittenkitchen.com/./recipes/fruit/lime/?format=photo,smittenkitchen.com,True,Lime – smitten kitchen,,,,,,,,,,,,,,,,
https://smittenkitchen.com/./recipes/ingredient/peanut-butter/?format=photo,smittenkitchen.com,True,Peanut Butter – smitten kitchen,,,,,,,,,,,,,,,,
https://smittenkitchen.com/./recipes/vegetable/greens/kale/?format=photo,smittenkitchen.com,True,Kale – smitten kitchen,,,,,,,,,,,,,,,,
https://smittenkitchen.com/./recipes/fruit/pomegranate/?format=photo,smittenkitchen.com,True,Pomegranate – smitten kitchen,,,,,,,,,,,,,,,,
https://smittenkitchen.com/./recipes/cuisine/israeli/?format=photo,smittenkitchen.com,True,Israeli – smitten kitchen,,,,,,,,,,,,,,,,
https://smittenkitchen.com/./recipes/course/lunch/?format=photo,smittenkitchen.com,True,Lunch – smitten kitchen,,,,,,,,,,,,,,,,
https://smittenkitchen.com/./recipes/fruit/grapes/?format=photo,smittenkitchen.com,True,Grapes – smitten kitchen,,,,,,,,,,,,,,,,
https://smittenkitchen.com/./recipes/cuisine/tex-mex/?format=photo,smittenkitchen.com,True,Tex-Mex – smitten kitchen,,,,,,,,,,,,,,,,
https://smittenkitchen.com/./recipes/fruit/apricots/?format=photo,smittenkitchen.com,True,Apricots – smitten kitchen,,,,,,,,,,,,,,,,
https://smittenkitchen.com/./recipes/vegetable/greens/herbs/?format=photo,smittenkitchen.com,True,Herbs – smitten kitchen,,,,,,,,,,,,,,,,
https://smittenkitchen.com/./recipes/fruit/honeydew/?format=photo,smittenkitchen.com,True,Honeydew – smitten kitchen,,,,,,,,,,,,,,,,
https://smittenkitchen.com/./recipes/weeknight-favorite/?format=photo,smittenkitchen.com,True,Weeknight Favorite – smitten kitchen,,,,,,,,,,,,,,,,
https://smittenkitchen.com/./recipes/course/stew/?format=photo,smittenkitchen.com,True,Stew – smitten kitchen,,,,,,,,,,,,,,,,
https://smittenkitchen.com/./recipes/vegetable/greens/endive/?format=photo,smittenkitchen.com,True,Endive – smitten kitchen,,,,,,,,,,,,,,,,
https://smittenkitchen.com/./recipes/sweets/pudding/?format=photo,smittenkitchen.com,True,Pudding – smitten kitchen,,,,,,,,,,,,,,,,
https://smittenkitchen.com/./recipes/ingredient/meat/?format=photo,smittenkitchen.com,True,Meat – smitten kitchen,,,,,,,,,,,,,,,,
https://smittenkitchen.com/./recipes/sweets/cake/?format=photo,smittenkitchen.com,True,Cake – smitten kitchen,,,,,,,,,,,,,,,,
https://smittenkitchen.com/recipes/#content,smittenkitchen.com,True,Recipe – smitten kitchen,,,,,,,,,,,,,,,,
https://smittenkitchen.com/./recipes/ingredient/meat/turkey/?format=photo,smittenkitchen.com,True,Turkey – smitten kitchen,,,,,,,,,,,,,,,,
https://smittenkitchen.com/./recipes/cuisine/austrian/?format=photo,smittenkitchen.com,True,Austrian – smitten kitchen,,,,,,,,,,,,,,,,
https://smittenkitchen.com/./recipes/fruit/orange/?format=photo,smittenkitchen.com,True,Orange – smitten kitchen,,,,,,,,,,,,,,,,
https://smittenkitchen.com/./recipes/fruit/plum/?format=photo,smittenkitchen.com,True,Plum – smitten kitchen,,,,,,,,,,,,,,,,
https://smittenkitchen.com/./recipes/fruit/watermelon/?format=photo,smittenkitchen.com,True,Watermelon – smitten kitchen,,,,,,,,,,,,,,,,
https://smittenkitchen.com/2020/03/ultimate-banana-bread/,smittenkitchen.com,True,ultimate banana bread – smitten kitchen,,,,,,,,,,,,,,,,
https://smittenkitchen.com/2021/04/sheet-pan-chow-mein/,smittenkitchen.com,True,sheet pan chow mein – smitten kitchen,,,,,,,,,,,,,,,,
https://smittenkitchen.com/2017/09/pizza-beans/,smittenkitchen.com,True,pizza beans – smitten kitchen,,,,,,,,,,,,,,,,
https://smittenkitchen.com/recipes,smittenkitchen.com,True,Recipe – smitten kitchen,,,,,,,,,,,,,,,,
https://smittenkitchen.com/2025/02/ziti-chickpeas-with-sausage-and-kale/,smittenkitchen.com,True,ziti chickpeas with sausage and kale – smitten kitchen,,,,,,,,,,,,,,,,
https://smittenkitchen.com/2010/08/perfect-blueberry-muffins/,smittenkitchen.com,True,perfect blueberry muffins – smitten kitchen,,,,,,,,,,,,,,,,
https://smittenkitchen.com/2013/10/miso-sweet-potato-and-broccoli-bowl/,smittenkitchen.com,True,miso sweet potato and broccoli bowl – smitten kitchen,,,,,,,,,,,,,,,,
https://smittenkitchen.com/2020/09/whole-wheat-chocolate-oat-cookies/,smittenkitchen.com,True,whole wheat chocolate oat cookies – smitten kitchen,,,,,,,,,,,,,,,,
https://smittenkitchen.com/2024/12/invisible-apple-cake/,smittenkitchen.com,True,invisible apple cake – smitten kitchen,,,,,,,,,,,,,,,,
https://smittenkitchen.com/2020/04/how-i-stock-the-smitten-kitchen/,smittenkitchen.com,True,how i stock the smitten kitchen – smitten kitchen,,,,,,,,,,,,,,,,
https://smittenkitchen.com/2017/09/marbled-banana-bread/,smittenkitchen.com,True,marbled banana bread – smitten kitchen,,,,,,,,,,,,,,,,
https://smittenkitchen.com/2012/08/my-favorite-brownies/,smittenkitchen.com,True,my favorite brownies – smitten kitchen,,,,,,,,,,,,,,,,
